SKU,Published,Is featured?,Visibility in catalog,Date sale price starts,Date sale price ends,Tax status,Tax class,In stock?,Stock,Low stock amount,Backorders allowed?,Sold individually?,Weight (kg),Length (cm),Width (cm),Height (cm),Allow customer reviews?,Download limit,Download expiry days,Parent,Grouped products,Upsells,Cross-sells,External URL,Button text,Position,Attribute 1 name,Attribute 1 value(s),Attribute 1 visible,Attribute 1 global,Attribute 2 name,Attribute 2 value(s),Attribute 2 visible,Attribute 2 global,Meta: ocean_sidebar,Meta: ocean_second_sidebar,Meta: ocean_disable_margins,Meta: ocean_display_top_bar,Meta: ocean_display_header,Meta: ocean_center_header_left_menu,Meta: ocean_custom_header_template,Meta: ocean_header_custom_menu,Meta: ocean_menu_typo_font_family,Meta: ocean_disable_title,Meta: ocean_disable_heading,Meta: ocean_disable_breadcrumbs,Meta: ocean_display_footer_widgets,Meta: ocean_display_footer_bottom,Meta: ocean_custom_footer_template,Meta: _wpml_media_featured,Meta: _wc_product_documents_title,Meta: _wc_product_documents_display,Meta: _wpml_word_count,Meta: _yoast_wpseo_primary_product_cat,Meta: osh_disable_topbar_sticky,Meta: osh_disable_header_sticky,Meta: osh_sticky_header_style,Meta: _wpml_media_duplicate,Meta: _yoast_wpseo_focuskw,Meta: _yoast_wpseo_linkdex,Meta: _yoast_wpseo_content_score,Meta: _yoast_wpseo_focuskeywords,Meta: _yoast_wpseo_keywordsynonyms,Meta: _wpml_media_has_media,Meta: wbcr_wp_old_slug,Meta: _wp_old_date,Meta: _oembed_533515a706e016a9bb304a9772c907bb,Meta: _oembed_time_533515a706e016a9bb304a9772c907bb,Meta: _oembed_bfb8e4d53f7029a37bc2ec572bb20b50,Meta: _oembed_time_bfb8e4d53f7029a37bc2ec572bb20b50,Meta: ocean_post_title_style,Meta: ocean_post_title_background,Meta: ocean_post_title_bg_image_repeat,Meta: ocean_post_title_bg_image_size,Meta: ocean_post_title_bg_overlay,Meta: ocean_post_title_bg_image_position,Meta: _oembed_cf5fdf2a60f830e751fd1e288dbafa69,Meta: _oembed_time_cf5fdf2a60f830e751fd1e288dbafa69,Attribute 3 name,Attribute 3 value(s),Attribute 3 visible,Attribute 3 global,Meta: _oembed_86593aa9e750ff0f36a65e39973ef073,Meta: _oembed_time_86593aa9e750ff0f36a65e39973ef073,Meta: _oembed_b33ae0ea6d4e6f2962235e24f863946f,Meta: _oembed_time_b33ae0ea6d4e6f2962235e24f863946f,Meta: _oembed_86ffc6ca0f8f231f0b249032a7f5b2c7,Meta: _oembed_time_86ffc6ca0f8f231f0b249032a7f5b2c7
PC001,1,0,visible,,,taxable,,1,,,0,0,,,,,1,,,,,,,,,0,Об'єм,,1,1,Бренд,,1,1,0,0,enable,default,default,0,0,0,0,default,default,default,default,default,0,1,Документація,yes,"{""total"":130,""to_translate"":{""ru"":130}}",,default,default,default,0,LEMON,36,90,,,,,,,,,,,,,,,,,,,,,,,,,,,
"PC001-0,5",1,0,visible,,,taxable,parent,1,,,0,0,,,,,0,,,PC001,,,,,,1,Об'єм,500 мл,,1,,,,,,,,,,,,,,,,,,,,1,,,"{""total"":11,""to_translate"":{""ru"":11}}",,,,,1,,,,,,1,lemon-0-5-%d0%bb,,,,,,,,,,,,,,,,,,,,,,,
PC001-1,1,0,visible,,,taxable,parent,1,,,0,0,,,,,0,,,PC001,,,,,,2,Об'єм,1 л,,1,,,,,,,,,,,,,,,,,,,,1,,,"{""total"":10,""to_translate"":{""ru"":10}}",,,,,1,,,,,,1,lemon-1-%d0%bb,,,,,,,,,,,,,,,,,,,,,,,
PC001-10,1,0,visible,,,taxable,parent,1,,,0,0,,,,,0,,,PC001,,,,,,3,Об'єм,10 л,,1,,,,,,,,,,,,,,,,,,,,1,,,"{""total"":10,""to_translate"":{""ru"":10}}",,,,,1,,,,,,1,lemon-10-%d0%bb,,,,,,,,,,,,,,,,,,,,,,,
PC001-6,1,0,visible,,,taxable,parent,1,,,0,0,,,,,0,,,PC001,,,,,,4,Об'єм,6 л,,1,,,,,,,,,,,,,,,,,,,,1,,,"{""total"":10,""to_translate"":{""ru"":10}}",,,,,1,,,,,,1,lemon-6-%d0%bb,,,,,,,,,,,,,,,,,,,,,,,
PC019,1,0,visible,,,taxable,,1,,,0,0,,,,,1,,,,,"PC006, PC018, PC007","id:908, PC001, FOR05",,,0,Бренд,,1,1,Об'єм,,1,1,0,0,enable,default,default,0,0,0,0,default,default,default,default,default,0,0,Документація,yes,"{""total"":140,""to_translate"":{""ru"":140}}",,default,default,default,1,TRUCK STRONG,40,90,,,1,,,,,,,,,,,,,,,,,,,,,,,,
PC019-22-2,1,0,visible,,,taxable,parent,1,,,0,0,,,,,0,,,PC019,,,"id:908, PC001, FOR05",,,2,Об'єм,2х22 л,,1,,,,,,,,,,,,,,,,,,,,1,,,"{""total"":12,""to_translate"":{""ru"":12}}",,,,,1,,,,,,1,auto-draft-2%d1%8522-%d0%bb,,,,,,,,,,,,,,,,,,,,,,,
PC019-5,1,0,visible,,,taxable,parent,1,,,0,0,,,,,0,,,PC019,,,"id:908, PC001, FOR05",,,3,Об'єм,5 л,,1,,,,,,,,,,,,,,,,,,,,1,,,"{""total"":12,""to_translate"":{""ru"":12}}",,,,,1,,,,,,1,auto-draft-5-%d0%bb,,,,,,,,,,,,,,,,,,,,,,,
PC019-1,1,0,visible,,,taxable,parent,1,,,0,0,,,,,0,,,PC019,,,"id:908, PC001, FOR05",,,4,Об'єм,1 л,,1,,,,,,,,,,,,,,,,,,,,1,,,"{""total"":12,""to_translate"":{""ru"":12}}",,,,,1,,,,,,1,auto-draft-1-%d0%bb,,,,,,,,,,,,,,,,,,,,,,,
PC019-10,1,0,visible,,,taxable,parent,1,,,0,0,,,,,0,,,PC019,,,"id:908, PC001, FOR05",,,5,Об'єм,10 л,,1,,,,,,,,,,,,,,,,,,,,1,,,"{""total"":12,""to_translate"":{""ru"":12}}",,,,,1,,,,,,1,auto-draft-10-%d0%bb,,,,,,,,,,,,,,,,,,,,,,,
PC019-22,1,0,visible,,,taxable,parent,1,,,0,0,,,,,0,,,PC019,,,"id:908, PC001, FOR05",,,0,Об'єм,22 л,,1,,,,,,,,,,,,,,,,,,,,1,,,"{""total"":12,""to_translate"":{""ru"":12}}",,,,,1,,,,,,1,auto-draft-22-%d0%bb,,,,,,,,,,,,,,,,,,,,,,,
PC018,1,0,visible,,,taxable,,1,,,0,0,,,,,1,,,,,"PC004, PC007, PC019","PC006, N275, PC010",,,0,Бренд,,1,1,Об'єм,,1,1,0,0,enable,default,default,0,0,0,0,default,default,default,default,default,0,0,Документація,yes,"{""total"":127,""to_translate"":{""ru"":127}}",,default,default,default,1,DPF CLEANER,40,90,,,1,,,,,,,,,,,,,,,,,,,,,,,,
PC018-20,1,0,visible,,,taxable,parent,1,,,0,0,,,,,0,,,PC018,,,"PC006, N275, PC010",,,1,Об'єм,20 л,,1,,,,,,,,,,,,,,,,,,,,1,,,"{""total"":12,""to_translate"":{""ru"":12}}",,,,,1,,,,,,1,dpf-cleaner-20-%d0%bb,,,,,,,,,,,,,,,,,,,,,,,
PC018-20-2,1,0,visible,,,taxable,parent,1,,,0,0,,,,,0,,,PC018,,,"PC006, N275, PC010",,,2,Об'єм,2x20 л,,1,,,,,,,,,,,,,,,,,,,,1,,,"{""total"":12,""to_translate"":{""ru"":12}}",,,,,1,,,,,,1,dpf-cleaner-2x20-%d0%bb,,,,,,,,,,,,,,,,,,,,,,,
PC018-5,1,0,visible,,,taxable,parent,1,,,0,0,,,,,0,,,PC018,,,"PC006, N275, PC010",,,3,Об'єм,5 л,,1,,,,,,,,,,,,,,,,,,,,1,,,"{""total"":12,""to_translate"":{""ru"":12}}",,,,,1,,,,,,1,dpf-cleaner-5-%d0%bb,,,,,,,,,,,,,,,,,,,,,,,
PC018-1,1,0,visible,,,taxable,parent,1,,,0,0,,,,,0,,,PC018,,,"PC006, N275, PC010",,,4,Об'єм,1 л,,1,,,,,,,,,,,,,,,,,,,,1,,,"{""total"":12,""to_translate"":{""ru"":12}}",,,,,1,,,,,,1,dpf-cleaner-1-%d0%bb,,,,,,,,,,,,,,,,,,,,,,,
PC018-10,1,0,visible,,,taxable,parent,1,,,0,0,,,,,0,,,PC018,,,"PC006, N275, PC010",,,5,Об'єм,10 л,,1,,,,,,,,,,,,,,,,,,,,1,,,"{""total"":12,""to_translate"":{""ru"":12}}",,,,,1,,,,,,1,dpf-cleaner-10-%d0%bb,,,,,,,,,,,,,,,,,,,,,,,
PC007,1,0,visible,,,taxable,,1,,,0,0,,,,,1,,,,,"PC006, PC002, PC019","PC001, PC008, PC009",,,0,Бренд,,1,1,Об'єм,,1,1,0,0,enable,default,default,0,0,0,0,default,default,default,default,default,0,0,Документація,yes,"{""total"":149,""to_translate"":{""ru"":149}}",,default,default,default,1,TRUCK,48,90,,,1,,,,,,,,,,,,,,,,,,,,,,,,
PC007-22,1,0,visible,,,taxable,parent,1,,,0,0,,,,,0,,,PC007,,,"PC001, PC008, PC009",,,0,Об'єм,22 л,,1,,,,,,,,,,,,,,,,,,,,1,,,"{""total"":10,""to_translate"":{""ru"":10}}",,,,,1,,,,,,1,truck-22-%d0%bb,,,,,,,,,,,,,,,,,,,,,,,
PC007-220,1,0,visible,,,taxable,parent,1,,,0,0,,,,,0,,,PC007,,,"PC001, PC008, PC009",,,2,Об'єм,220 л,,1,,,,,,,,,,,,,,,,,,,,1,,,"{""total"":10,""to_translate"":{""ru"":10}}",,,,,1,,,,,,1,truck-220-%d0%bb,,,,,,,,,,,,,,,,,,,,,,,
PC007-22-2,1,0,visible,,,taxable,parent,1,,,0,0,,,,,0,,,PC007,,,"PC001, PC008, PC009",,,3,Об'єм,2х22 л,,1,,,,,,,,,,,,,,,,,,,,1,,,"{""total"":10,""to_translate"":{""ru"":10}}",,,,,1,,,,,,1,truck-2%d1%8522-%d0%bb,,,,,,,,,,,,,,,,,,,,,,,
PC007-5,1,0,visible,,,taxable,parent,1,,,0,0,,,,,0,,,PC007,,,"PC001, PC008, PC009",,,4,Об'єм,5 л,,1,,,,,,,,,,,,,,,,,,,,1,,,"{""total"":10,""to_translate"":{""ru"":10}}",,,,,1,,,,,,1,truck-5-%d0%bb,,,,,,,,,,,,,,,,,,,,,,,
PC007-66,1,0,visible,,,taxable,parent,1,,,0,0,,,,,0,,,PC007,,,"PC001, PC008, PC009",,,5,Об'єм,66 л,,1,,,,,,,,,,,,,,,,,,,,1,,,"{""total"":10,""to_translate"":{""ru"":10}}",,,,,1,,,,,,1,truck-66-%d0%bb,,,,,,,,,,,,,,,,,,,,,,,
PC007-7,1,0,visible,,,taxable,parent,1,,,0,0,,,,,0,,,PC007,,,"PC001, PC008, PC009",,,6,Об'єм,7 л,,1,,,,,,,,,,,,,,,,,,,,1,,,"{""total"":10,""to_translate"":{""ru"":10}}",,,,,1,,,,,,1,truck-7-%d0%bb,,,,,,,,,,,,,,,,,,,,,,,
PC007-1,1,0,visible,,,taxable,parent,1,,,0,0,,,,,0,,,PC007,,,"PC001, PC008, PC009",,,7,Об'єм,1 л,,1,,,,,,,,,,,,,,,,,,,,1,,,"{""total"":10,""to_translate"":{""ru"":10}}",,,,,1,,,,,,1,truck-1-%d0%bb,,,,,,,,,,,,,,,,,,,,,,,
PC007-10,1,0,visible,,,taxable,parent,1,,,0,0,,,,,0,,,PC007,,,"PC001, PC008, PC009",,,8,Об'єм,10 л,,1,,,,,,,,,,,,,,,,,,,,1,,,"{""total"":10,""to_translate"":{""ru"":10}}",,,,,1,,,,,,1,truck-10-%d0%bb,,,,,,,,,,,,,,,,,,,,,,,
PC002,1,0,visible,,,taxable,,1,,,0,0,,,,,1,,,,,"PC205, PC001, PC102, PC103","N262, id:985",,,0,Бренд,,1,1,Об'єм,,1,1,0,0,enable,default,default,0,0,0,0,default,default,default,default,default,0,0,Документація,yes,"{""total"":108,""to_translate"":{""ru"":108}}",,default,default,default,1,EKO,41,90,,,,,,,,,,,,,,,,,,,,,,,,,,,
PC002-5,1,0,visible,,,taxable,parent,1,,,0,0,,,,,0,,,PC002,,,"N262, id:985",,,0,Об'єм,5 л,,1,,,,,,,,,,,,,,,,,,,,1,,,"{""total"":10,""to_translate"":{""ru"":10}}",,,,,1,,,,,,1,eko-5-%d0%bb,,,,,,,,,,,,,,,,,,,,,,,
"PC002-0,5",1,0,visible,,,taxable,parent,1,,,0,0,,,,,0,,,PC002,,,"N262, id:985",,,2,Об'єм,500 мл,,1,,,,,,,,,,,,,,,,,,,,1,,,"{""total"":10,""to_translate"":{""ru"":10}}",,,,,1,,,,,,1,eko-500-%d0%bc%d0%bb,,,,,,,,,,,,,,,,,,,,,,,
PC002-10,1,0,visible,,,taxable,parent,1,,,0,0,,,,,0,,,PC002,,,"N262, id:985",,,3,Об'єм,10 л,,1,,,,,,,,,,,,,,,,,,,,1,,,"{""total"":10,""to_translate"":{""ru"":10}}",,,,,1,,,,,,1,eko-10-%d0%bb,,,,,,,,,,,,,,,,,,,,,,,
PC010,1,0,visible,,,taxable,,1,,,0,0,,,,,1,,,,,"PC018, PC005, PC214","PC018, N275, PC008",,,0,Бренд,,1,1,Об'єм,,1,1,0,0,enable,default,default,0,0,0,0,default,default,default,default,default,0,0,Документація,yes,"{""total"":223,""to_translate"":{""ru"":223}}",,default,default,default,1,MOTO CLEANER,51,90,,,1,,,,,,,,,,,,,,,,,,,,,,,,
PC010-20,1,0,visible,,,taxable,parent,1,,,0,0,,,,,0,,,PC010,,,"PC018, N275, PC008",,,0,Об'єм,20 л,,1,,,,,,,,,,,,,,,,,,,,1,,,"{""total"":12,""to_translate"":{""ru"":12}}",,,,,1,,,,,,1,moto-cleaner-20-%d0%bb,,,,,,,,,,,,,,,,,,,,,,,
PC010-200,1,0,visible,,,taxable,parent,1,,,0,0,,,,,0,,,PC010,,,"PC018, N275, PC008",,,2,Об'єм,200 л,,1,,,,,,,,,,,,,,,,,,,,1,,,"{""total"":12,""to_translate"":{""ru"":12}}",,,,,1,,,,,,1,moto-cleaner-200-%d0%bb,,,,,,,,,,,,,,,,,,,,,,,
PC010-5,1,0,visible,,,taxable,parent,1,,,0,0,,,,,0,,,PC010,,,"PC018, N275, PC008",,,3,Об'єм,5 л,,1,,,,,,,,,,,,,,,,,,,,1,,,"{""total"":12,""to_translate"":{""ru"":12}}",,,,,1,,,,,,1,moto-cleaner-5-%d0%bb,,,,,,,,,,,,,,,,,,,,,,,
"PC010-0,6",1,0,visible,,,taxable,parent,1,,,0,0,,,,,0,,,PC010,,,"PC018, N275, PC008",,,4,Об'єм,600 мл,,1,,,,,,,,,,,,,,,,,,,,1,,,"{""total"":12,""to_translate"":{""ru"":12}}",,,,,1,,,,,,1,moto-cleaner-600-%d0%bc%d0%bb,,,,,,,,,,,,,,,,,,,,,,,
PC010-10,1,0,visible,,,taxable,parent,1,,,0,0,,,,,0,,,PC010,,,"PC018, N275, PC008",,,5,Об'єм,10 л,,1,,,,,,,,,,,,,,,,,,,,1,,,"{""total"":12,""to_translate"":{""ru"":12}}",,,,,1,,,,,,1,moto-cleaner-10-%d0%bb,,,,,,,,,,,,,,,,,,,,,,,
PC013,1,0,visible,,,taxable,,1,,,0,0,,,,,1,,,,,"PC018, PC005, PC010","PC002, PC005, PC001",,,0,Бренд,,1,1,Об'єм,,1,1,0,0,enable,default,default,0,0,0,0,default,default,default,default,default,0,0,Документація,yes,"{""total"":109,""to_translate"":{""ru"":109}}",,default,default,default,1,BRAKE CLEANER,41,90,,,1,,,,,,,,,,,,,,,,,,,,,,,,
PC013-20,1,0,visible,,,taxable,parent,1,,,0,0,,,,,0,,,PC013,,,"PC002, PC005, PC001",,,0,Об'єм,20 л,,1,,,,,,,,,,,,,,,,,,,,1,,,"{""total"":12,""to_translate"":{""ru"":12}}",,,,,1,,,,,,1,brake-cleaner-20-%d0%bb,,,,,,,,,,,,,,,,,,,,,,,
PC013-20-2,1,0,visible,,,taxable,parent,1,,,0,0,,,,,0,,,PC013,,,"PC002, PC005, PC001",,,2,Об'єм,2x20 л,,1,,,,,,,,,,,,,,,,,,,,1,,,"{""total"":12,""to_translate"":{""ru"":12}}",,,,,1,,,,,,1,brake-cleaner-2x20-%d0%bb,,,,,,,,,,,,,,,,,,,,,,,
"PC013-0,5",1,0,visible,,,taxable,parent,1,,,0,0,,,,,0,,,PC013,,,"PC002, PC005, PC001",,,3,Об'єм,500 мл,,1,,,,,,,,,,,,,,,,,,,,1,,,"{""total"":12,""to_translate"":{""ru"":12}}",,,,,1,,,,,,1,brake-cleaner-500-%d0%bc%d0%bb,,,,,,,,,,,,,,,,,,,,,,,
PC013-1,1,0,visible,,,taxable,parent,1,,,0,0,,,,,0,,,PC013,,,"PC002, PC005, PC001",,,4,Об'єм,1 л,,1,,,,,,,,,,,,,,,,,,,,1,,,"{""total"":12,""to_translate"":{""ru"":12}}",,,,,1,,,,,,1,brake-cleaner-1-%d0%bb,,,,,,,,,,,,,,,,,,,,,,,
PC013-10,1,0,visible,,,taxable,parent,1,,,0,0,,,,,0,,,PC013,,,"PC002, PC005, PC001",,,5,Об'єм,10 л,,1,,,,,,,,,,,,,,,,,,,,1,,,"{""total"":12,""to_translate"":{""ru"":12}}",,,,,1,,,,,,1,brake-cleaner-10-%d0%bb,,,,,,,,,,,,,,,,,,,,,,,
PC005,1,0,visible,,,taxable,,1,,,0,0,,,,,1,,,,,"PC006, PC004, PC009","N275, PC212, PC022",,,0,Бренд,,1,1,Об'єм,,1,1,0,0,enable,default,default,0,0,0,0,default,default,default,default,default,0,0,Документація,yes,"{""total"":146,""to_translate"":{""ru"":146}}",,default,default,default,1,FLAT EXPERT,44,90,,,1,,,,,,,,,,,,,,,,,,,,,,,,
PC005-20,1,0,visible,,,taxable,parent,1,,,0,0,,,,,0,,,PC005,,,"N275, PC212, PC022",,,0,Об'єм,20 л,,1,,,,,,,,,,,,,,,,,,,,1,,,"{""total"":12,""to_translate"":{""ru"":12}}",,,,,1,,,,,,1,flat-expert-20-%d0%bb,,,,,,,,,,,,,,,,,,,,,,,
PC005-20-2,1,0,visible,,,taxable,parent,1,,,0,0,,,,,0,,,PC005,,,"N275, PC212, PC022",,,2,Об'єм,2x20 л,,1,,,,,,,,,,,,,,,,,,,,1,,,"{""total"":12,""to_translate"":{""ru"":12}}",,,,,1,,,,,,1,flat-expert-2x20-%d0%bb,,,,,,,,,,,,,,,,,,,,,,,
PC005-5,1,0,visible,,,taxable,parent,1,,,0,0,,,,,0,,,PC005,,,"N275, PC212, PC022",,,3,Об'єм,5 л,,1,,,,,,,,,,,,,,,,,,,,1,,,"{""total"":12,""to_translate"":{""ru"":12}}",,,,,1,,,,,,1,flat-expert-5-%d0%bb,,,,,,,,,,,,,,,,,,,,,,,
PC005-1,1,0,visible,,,taxable,parent,1,,,0,0,,,,,0,,,PC005,,,"N275, PC212, PC022",,,4,Об'єм,1 л,,1,,,,,,,,,,,,,,,,,,,,1,,,"{""total"":12,""to_translate"":{""ru"":12}}",,,,,1,,,,,,1,flat-expert-1-%d0%bb,,,,,,,,,,,,,,,,,,,,,,,
PC005-10,1,0,visible,,,taxable,parent,1,,,0,0,,,,,0,,,PC005,,,"N275, PC212, PC022",,,5,Об'єм,10 л,,1,,,,,,,,,,,,,,,,,,,,1,,,"{""total"":12,""to_translate"":{""ru"":12}}",,,,,1,,,,,,1,flat-expert-10-%d0%bb,,,,,,,,,,,,,,,,,,,,,,,
PC009,1,0,visible,,,taxable,,1,,,0,0,,,,,1,,,,,"PC006, PC004, PC008","N275, N287, PC219",,,0,Бренд,,1,1,Об'єм,,1,1,0,0,enable,default,default,0,0,0,0,default,default,default,default,default,0,0,Документація,yes,"{""total"":110,""to_translate"":{""ru"":110}}",,default,default,default,1,SUPER CLEAN,41,90,,,,,,,,,,,,,,,,,,,,,,,,,,,
PC009-20,1,0,visible,,,taxable,parent,1,,,0,0,,,,,0,,,PC009,,,"N275, N287, PC219",,,0,Об'єм,20 л,,1,,,,,,,,,,,,,,,,,,,,1,,,"{""total"":12,""to_translate"":{""ru"":12}}",,,,,1,,,,,,1,super-clean-20-%d0%bb,,,,,,,,,,,,,,,,,,,,,,,
PC009-20-2,1,0,visible,,,taxable,parent,1,,,0,0,,,,,0,,,PC009,,,"N275, N287, PC219",,,2,Об'єм,2x20 л,,1,,,,,,,,,,,,,,,,,,,,1,,,"{""total"":12,""to_translate"":{""ru"":12}}",,,,,1,,,,,,,super-clean-2x20-%d0%bb,,,,,,,,,,,,,,,,,,,,,,,
PC009-1,1,0,visible,,,taxable,parent,1,,,0,0,,,,,0,,,PC009,,,"N275, N287, PC219",,,3,Об'єм,1 л,,1,,,,,,,,,,,,,,,,,,,,1,,,"{""total"":12,""to_translate"":{""ru"":12}}",,,,,1,,,,,,1,super-clean-1-%d0%bb,,,,,,,,,,,,,,,,,,,,,,,
PC009-10,1,0,visible,,,taxable,parent,1,,,0,0,,,,,0,,,PC009,,,"N275, N287, PC219",,,4,Об'єм,10 л,,1,,,,,,,,,,,,,,,,,,,,1,,,"{""total"":12,""to_translate"":{""ru"":12}}",,,,,1,,,,,,1,super-clean-10-%d0%bb,,,,,,,,,,,,,,,,,,,,,,,
PC015,1,0,visible,,,taxable,,1,,,0,0,,,,,1,,,,,"PC013, PC018, PC005, PC008","PC002, PC001, PC010",,,0,Бренд,,1,1,Об'єм,,1,1,0,0,enable,default,default,0,0,0,0,default,default,default,default,default,0,0,Документація,yes,"{""total"":136,""to_translate"":{""ru"":136}}",,default,default,default,0,WF STORM,41,90,,,1,,,,,,,,,,,,,,,,,,,,,,,,
PC015-20,1,0,visible,,,taxable,parent,1,,,0,0,,,,,0,,,PC015,,,"PC002, PC001, PC010",,,0,Об'єм,20 л,,1,,,,,,,,,,,,,,,,,,,,1,,,"{""total"":12,""to_translate"":{""ru"":12}}",,,,,1,,,,,,1,wf-storm-20-%d0%bb,,,,,,,,,,,,,,,,,,,,,,,
PC015-60,1,0,visible,,,taxable,parent,1,,,0,0,,,,,0,,,PC015,,,"PC002, PC001, PC010",,,2,Об'єм,60 л,,1,,,,,,,,,,,,,,,,,,,,1,,,"{""total"":12,""to_translate"":{""ru"":12}}",,,,,1,,,,,,1,wf-storm-60-%d0%bb,,,,,,,,,,,,,,,,,,,,,,,
PC015-10,1,0,visible,,,taxable,parent,1,,,0,0,,,,,0,,,PC015,,,"PC002, PC001, PC010",,,3,Об'єм,10 л,,1,,,,,,,,,,,,,,,,,,,,1,,,"{""total"":12,""to_translate"":{""ru"":12}}",,,,,1,,,,,,1,wf-storm-10-%d0%bb,,,,,,,,,,,,,,,,,,,,,,,
FOR05,1,0,visible,,,taxable,,1,,,0,0,,,,,1,,,,,,,,,0,Бренд,,1,1,Об'єм,,1,1,0,0,enable,default,default,0,0,0,0,default,default,default,default,default,0,,,,,,,,,1,SOLVENT ALU,,,,,1,,,,,,,,,,,,,,,,,,,,,,,,
FOR1,1,0,visible,,,taxable,,1,,,0,0,,,,,1,,,,,,,,,0,Бренд,,1,1,Об'єм,,1,1,0,0,enable,default,default,0,0,0,0,default,default,default,default,default,0,,,,,,,,,1,SOLVENT 1 L,,,,,1,,,,,,,,,,,,,,,,,,,,,,,,
POM1,1,0,visible,,,taxable,,1,,,0,0,,,,,1,,,,,,,,,0,,,,,,,,,0,0,enable,default,default,0,0,0,0,default,default,default,default,default,0,,,,,,,,,1,Дозуючий насос для пасти,,,,,1,%d0%b4%d0%be%d0%b7%d1%83%d1%8e%d1%87%d0%b8%d0%b9-%d0%bd%d0%b0%d1%81%d0%be%d1%81-%d0%b4%d0%bb%d1%8f-%d0%bf%d0%b0%d1%81%d1%82%d0%b8,,,,,,,,,,,,,,,,,,,,,,,
POM2,1,0,visible,,,taxable,,1,,,0,0,,,,,1,,,,,,,,,0,,,,,,,,,0,0,enable,default,default,0,0,0,0,default,default,default,default,default,0,,,,,,,,,1,Дозуючий насос для пасти - металевий,,,,,1,%d0%b4%d0%be%d0%b7%d1%83%d1%8e%d1%87%d0%b8%d0%b9-%d0%bd%d0%b0%d1%81%d0%be%d1%81-%d0%b4%d0%bb%d1%8f-%d0%bf%d0%b0%d1%81%d1%82%d0%b8-%d0%bc%d0%b5%d1%82%d0%b0%d0%bb%d0%b5%d0%b2%d0%b8%d0%b9,,,,,,,,,,,,,,,,,,,,,,,
UK,1,0,visible,,,taxable,,1,,,0,0,,,,,1,,,,,,,,,0,,,,,,,,,0,0,enable,default,default,0,0,0,0,default,default,default,default,default,0,,,,,,,,,1,Тримач для каністри,,,,,1,%d1%82%d1%80%d0%b8%d0%bc%d0%b0%d1%87-%d0%b4%d0%bb%d1%8f-%d0%ba%d0%b0%d0%bd%d1%96%d1%81%d1%82%d1%80%d0%b8,,,,,,,,,,,,,,,,,,,,,,,
PC021,1,0,visible,,,taxable,,1,,,0,0,,,,,1,,,,,"PC215, PC211, PC212","id:981, PC004, N287",,,0,Бренд,,1,1,Об'єм,,1,1,0,0,enable,default,default,0,0,0,0,default,default,default,default,default,0,0,Документація,yes,"{""total"":126,""to_translate"":{""ru"":126}}",,default,default,default,1,TRUCK URBAN,40,90,,,1,,,,,,,,,,,,,,,,,,,,,,,,
PC021-11,1,0,visible,,,taxable,parent,1,,,0,0,,,,,0,,,PC021,,,"id:981, PC004, N287",,,2,Об'єм,11 л,,1,,,,,,,,,,,,,,,,,,,,1,,,"{""total"":12,""to_translate"":{""ru"":12}}",,,,,1,,,,,,1,truck-urban-11-%d0%bb,,,,,,,,,,,,,,,,,,,,,,,
PC021-22,1,0,visible,,,taxable,parent,1,,,0,0,,,,,0,,,PC021,,,"id:981, PC004, N287",,,3,Об'єм,22 л,,1,,,,,,,,,,,,,,,,,,,,1,,,"{""total"":12,""to_translate"":{""ru"":12}}",,,,,1,,,,,,1,truck-urban-22-%d0%bb,,,,,,,,,,,,,,,,,,,,,,,
PC021-7,1,0,visible,,,taxable,parent,1,,,0,0,,,,,0,,,PC021,,,"id:981, PC004, N287",,,4,Об'єм,7 л,,1,,,,,,,,,,,,,,,,,,,,1,,,"{""total"":12,""to_translate"":{""ru"":12}}",,,,,1,,,,,,1,truck-urban-7-%d0%bb,,,,,,,,,,,,,,,,,,,,,,,
PC021-1,1,0,visible,,,taxable,parent,1,,,0,0,,,,,0,,,PC021,,,"id:981, PC004, N287",,,5,Об'єм,1 л,,1,,,,,,,,,,,,,,,,,,,,1,,,"{""total"":12,""to_translate"":{""ru"":12}}",,,,,1,,,,,,1,truck-urban-1-%d0%bb,,,,,,,,,,,,,,,,,,,,,,,
PC021-22-2,1,0,visible,,,taxable,parent,1,,,0,0,,,,,0,,,PC021,,,"id:981, PC004, N287",,,0,Об'єм,2х22 л,,1,,,,,,,,,,,,,,,,,,,,1,,,"{""total"":12,""to_translate"":{""ru"":12}}",,,,,1,,,,,,1,truck-urban-2%d1%8522-%d0%bb,,,,,,,,,,,,,,,,,,,,,,,
PC213,1,0,visible,,,taxable,,1,,,0,0,,,,,1,,,,,"PC207, PC215, N275, N287","PC207, PC215, N275, N287",,,0,Бренд,,1,1,Об'єм,,1,1,0,0,enable,default,default,0,0,0,0,default,default,default,default,default,0,0,Документація,yes,"{""total"":180,""to_translate"":{""ru"":180}}",,default,default,default,1,PURE PERFECTION,44,90,,,1,,,,,,,,,,,,,,,,,,,,,,,,
PC213-100,1,0,visible,,,taxable,parent,1,,,0,0,,,,,0,,,PC213,,,"PC207, PC215, N275, N287",,,1,Об'єм,1000 л,,1,,,,,,,,,,,,,,,,,,,,1,,,"{""total"":12,""to_translate"":{""ru"":12}}",,,,,1,,,,,,1,pure-perfection-1000-%d0%bb,,,,,,,,,,,,,,,,,,,,,,,
PC213-11,1,0,visible,,,taxable,parent,1,,,0,0,,,,,0,,,PC213,,,"PC207, PC215, N275, N287",,,2,Об'єм,11 л,,1,,,,,,,,,,,,,,,,,,,,1,,,"{""total"":12,""to_translate"":{""ru"":12}}",,,,,1,,,,,,1,pure-perfection-11-%d0%bb,,,,,,,,,,,,,,,,,,,,,,,
PC213-22,1,0,visible,,,taxable,parent,1,,,0,0,,,,,0,,,PC213,,,"PC207, PC215, N275, N287",,,3,Об'єм,22 л,,1,,,,,,,,,,,,,,,,,,,,1,,,"{""total"":12,""to_translate"":{""ru"":12}}",,,,,1,,,,,,1,pure-perfection-22-%d0%bb,,,,,,,,,,,,,,,,,,,,,,,
PC213-220,1,0,visible,,,taxable,parent,1,,,0,0,,,,,0,,,PC213,,,"PC207, PC215, N275, N287",,,4,Об'єм,220 л,,1,,,,,,,,,,,,,,,,,,,,1,,,"{""total"":12,""to_translate"":{""ru"":12}}",,,,,1,,,,,,1,pure-perfection-220-%d0%bb,,,,,,,,,,,,,,,,,,,,,,,
PC213-20-2,1,0,visible,,,taxable,parent,1,,,0,0,,,,,0,,,PC213,,,"PC207, PC215, N275, N287",,,5,Об'єм,2х22 л,,1,,,,,,,,,,,,,,,,,,,,1,,,"{""total"":12,""to_translate"":{""ru"":12}}",,,,,1,,,,,,1,pure-perfection-2%d1%8522-%d0%bb,,,,,,,,,,,,,,,,,,,,,,,
PC213-66,1,0,visible,,,taxable,parent,1,,,0,0,,,,,0,,,PC213,,,"PC207, PC215, N275, N287",,,6,Об'єм,66 л,,1,,,,,,,,,,,,,,,,,,,,1,,,"{""total"":12,""to_translate"":{""ru"":12}}",,,,,1,,,,,,1,pure-perfection-66-%d0%bb,,,,,,,,,,,,,,,,,,,,,,,
PC213-7,1,0,visible,,,taxable,parent,1,,,0,0,,,,,0,,,PC213,,,"PC207, PC215, N275, N287",,,7,Об'єм,7 л,,1,,,,,,,,,,,,,,,,,,,,1,,,"{""total"":12,""to_translate"":{""ru"":12}}",,,,,1,,,,,,1,pure-perfection-7-%d0%bb,,,,,,,,,,,,,,,,,,,,,,,
PC213-1,1,0,visible,,,taxable,parent,1,,,0,0,,,,,0,,,PC213,,,"PC207, PC215, N275, N287",,,8,Об'єм,1 л,,1,,,,,,,,,,,,,,,,,,,,1,,,"{""total"":12,""to_translate"":{""ru"":12}}",,,,,1,,,,,,1,pure-perfection-1-%d0%bb,,,,,,,,,,,,,,,,,,,,,,,
PC212,1,0,visible,,,taxable,,1,,,0,0,,,,,1,,,,,"PC207, PC215, N275, N287, KWAP2, id:985","PC207, PC215, KWAP2, id:985",,,0,Бренд,,1,1,Об'єм,,1,1,0,0,enable,default,default,0,0,0,0,default,default,default,default,default,0,0,Документація,yes,"{""total"":274,""to_translate"":{""ru"":274}}",,default,default,default,1,SHAMPOO ACTIV,41,90,,,1,,2019-08-05,,,,,,,,,,,,,,,,,,,,,,
PC212-1000,1,0,visible,,,taxable,parent,1,,,0,0,,,,,0,,,PC212,,,"PC207, PC215, KWAP2, id:985",,,0,Об'єм,1000 л,,1,,,,,,,,,,,,,,,,,,,,1,,,"{""total"":12,""to_translate"":{""ru"":12}}",,,,,1,,,,,,1,shampoo-activ-1000-%d0%bb,,,,,,,,,,,,,,,,,,,,,,,
PC212-11,1,0,visible,,,taxable,parent,1,,,0,0,,,,,0,,,PC212,,,"PC207, PC215, KWAP2, id:985",,,2,Об'єм,11 л,,1,,,,,,,,,,,,,,,,,,,,1,,,"{""total"":12,""to_translate"":{""ru"":12}}",,,,,1,,,,,,1,shampoo-activ-11-%d0%bb,,,,,,,,,,,,,,,,,,,,,,,
PC212-22,1,0,visible,,,taxable,parent,1,,,0,0,,,,,0,,,PC212,,,"PC207, PC215, KWAP2, id:985",,,3,Об'єм,22 л,,1,,,,,,,,,,,,,,,,,,,,1,,,"{""total"":12,""to_translate"":{""ru"":12}}",,,,,1,,,,,,1,shampoo-activ-22-%d0%bb,,,,,,,,,,,,,,,,,,,,,,,
PC212-220,1,0,visible,,,taxable,parent,1,,,0,0,,,,,0,,,PC212,,,"PC207, PC215, KWAP2, id:985",,,4,Об'єм,220 л,,1,,,,,,,,,,,,,,,,,,,,1,,,"{""total"":12,""to_translate"":{""ru"":12}}",,,,,1,,,,,,1,shampoo-activ-220-%d0%bb,,,,,,,,,,,,,,,,,,,,,,,
PC212-22-2,1,0,visible,,,taxable,parent,1,,,0,0,,,,,0,,,PC212,,,"PC207, PC215, KWAP2, id:985",,,5,Об'єм,2х22 л,,1,,,,,,,,,,,,,,,,,,,,1,,,"{""total"":12,""to_translate"":{""ru"":12}}",,,,,1,,,,,,1,shampoo-activ-2%d1%8522-%d0%bb,,,,,,,,,,,,,,,,,,,,,,,
PC212-66,1,0,visible,,,taxable,parent,1,,,0,0,,,,,0,,,PC212,,,"PC207, PC215, KWAP2, id:985",,,6,Об'єм,66 л,,1,,,,,,,,,,,,,,,,,,,,1,,,"{""total"":12,""to_translate"":{""ru"":12}}",,,,,1,,,,,,1,shampoo-activ-66-%d0%bb,,,,,,,,,,,,,,,,,,,,,,,
PC212-7,1,0,visible,,,taxable,parent,1,,,0,0,,,,,0,,,PC212,,,"PC207, PC215, KWAP2, id:985",,,7,Об'єм,7 л,,1,,,,,,,,,,,,,,,,,,,,1,,,"{""total"":12,""to_translate"":{""ru"":12}}",,,,,1,,,,,,1,shampoo-activ-7-%d0%bb,,,,,,,,,,,,,,,,,,,,,,,
PC212-1,1,0,visible,,,taxable,parent,1,,,0,0,,,,,0,,,PC212,,,"PC207, PC215, KWAP2, id:985",,,8,Об'єм,1 л,,1,,,,,,,,,,,,,,,,,,,,1,,,"{""total"":12,""to_translate"":{""ru"":12}}",,,,,1,,,,,,1,shampoo-activ-1-%d0%bb,,,,,,,,,,,,,,,,,,,,,,,
PC301,1,0,visible,,,taxable,,1,,,0,0,,,,,1,,,,,,,,,0,Бренд,,1,1,Об'єм,,1,1,0,0,enable,default,default,0,0,0,0,default,default,default,default,default,0,0,Product Documents,no,"{""total"":168,""to_translate"":{""ru"":168}}",,default,default,default,1,AGRO,,90,,,1,,,,,,,,,,,,,,,,,,,,,,,,
PC023,1,0,visible,,,taxable,,1,,,0,0,,,,,1,,,,,,,,,0,Бренд,,1,1,Об'єм,,1,1,0,0,enable,default,default,0,0,0,0,default,default,default,default,default,0,0,Product Documents,no,"{""total"":18,""to_translate"":{""ru"":18}}",,default,default,default,0,LATEX,,60,,,1,,,,,,,,,,,,,,,,,,,,,,,,
PC006,1,0,visible,,,taxable,,1,,,0,0,,,,,1,,,,,"PC002, FOR05, PC019","N262, KWAR",,,0,Бренд,,1,1,Об'єм,,1,1,0,0,enable,default,default,0,0,0,0,default,default,default,default,default,0,0,Документація,yes,"{""total"":178,""to_translate"":{""ru"":178}}",,default,default,default,0,ALU EXPERT,48,90,,,1,,,,,,,,,,,,,,,,,,,,,,,,
PC006-20,1,0,visible,,,taxable,parent,1,,,0,0,,,,,0,,,PC006,,,"N262, KWAR",,,0,Об'єм,20 л,,1,,,,,,,,,,,,,,,,,,,,1,,,"{""total"":12,""to_translate"":{""ru"":12}}",,,,,1,,,,,,1,alu-expert-20-%d0%bb,,,,,,,,,,,,,,,,,,,,,,,
PC006-200,1,0,visible,,,taxable,parent,1,,,0,0,,,,,0,,,PC006,,,"N262, KWAR",,,2,Об'єм,200 л,,1,,,,,,,,,,,,,,,,,,,,1,,,"{""total"":12,""to_translate"":{""ru"":12}}",,,,,1,,,,,,1,alu-expert-200-%d0%bb,,,,,,,,,,,,,,,,,,,,,,,
PC006-20-2,1,0,visible,,,taxable,parent,1,,,0,0,,,,,0,,,PC006,,,"N262, KWAR",,,3,Об'єм,2x20 л,,1,,,,,,,,,,,,,,,,,,,,1,,,"{""total"":12,""to_translate"":{""ru"":12}}",,,,,1,,,,,,1,alu-expert-2x20-%d0%bb,,,,,,,,,,,,,,,,,,,,,,,
PC006-60,1,0,visible,,,taxable,parent,1,,,0,0,,,,,0,,,PC006,,,"N262, KWAR",,,4,Об'єм,60 л,,1,,,,,,,,,,,,,,,,,,,,1,,,"{""total"":12,""to_translate"":{""ru"":12}}",,,,,1,,,,,,1,alu-expert-60-%d0%bb,,,,,,,,,,,,,,,,,,,,,,,
PC006-1,1,0,visible,,,taxable,parent,1,,,0,0,,,,,0,,,PC006,,,"N262, KWAR",,,5,Об'єм,1 л,,1,,,,,,,,,,,,,,,,,,,,1,,,"{""total"":12,""to_translate"":{""ru"":12}}",,,,,1,,,,,,1,alu-expert-1-%d0%bb,,,,,,,,,,,,,,,,,,,,,,,
PC006-6,1,0,visible,,,taxable,parent,1,,,0,0,,,,,0,,,PC006,,,"N262, KWAR",,,6,Об'єм,6 л,,1,,,,,,,,,,,,,,,,,,,,1,,,"{""total"":12,""to_translate"":{""ru"":12}}",,,,,1,,,,,,1,alu-expert-6-%d0%bb,,,,,,,,,,,,,,,,,,,,,,,
PC006-10,1,0,visible,,,taxable,parent,1,,,0,0,,,,,0,,,PC006,,,"N262, KWAR",,,7,Об'єм,10 л,,1,,,,,,,,,,,,,,,,,,,,1,,,"{""total"":12,""to_translate"":{""ru"":12}}",,,,,1,,,,,,1,alu-expert-10-%d0%bb,,,,,,,,,,,,,,,,,,,,,,,
PC008,1,0,visible,,,taxable,,1,,,0,0,,,,,1,,,,,"PC006, PC018, PC005","N275, N287, KWAP2",,,0,Бренд,,1,1,Об'єм,,1,1,0,0,enable,default,default,0,0,0,0,default,default,default,default,default,0,0,Документація,yes,"{""total"":205,""to_translate"":{""ru"":205}}",,default,default,default,1,ROST,52,90,,,1,,,,,,,,,,,,,,,,,,,,,,,,
PC008-12,1,0,visible,,,taxable,parent,1,,,0,0,,,,,0,,,PC008,,,"N275, N287, KWAP2",,,0,Об'єм,12 л,,1,,,,,,,,,,,,,,,,,,,,1,,,"{""total"":10,""to_translate"":{""ru"":10}}",,,,,1,,,,,,1,rost-12-%d0%bb,,,,,,,,,,,,,,,,,,,,,,,
"PC008-0,6",1,0,visible,,,taxable,parent,1,,,0,0,,,,,0,,,PC008,,,"N275, N287, KWAP2",,,2,Об'єм,600 мл,,1,,,,,,,,,,,,,,,,,,,,1,,,"{""total"":10,""to_translate"":{""ru"":10}}",,,,,1,,,,,,1,rost-600-%d0%bc%d0%bb,,,,,,,,,,,,,,,,,,,,,,,
"PC008-0,7",1,0,visible,,,taxable,parent,1,,,0,0,,,,,0,,,PC008,,,"N275, N287, KWAP2",,,3,Об'єм,700 мл,,1,,,,,,,,,,,,,,,,,,,,1,,,"{""total"":10,""to_translate"":{""ru"":10}}",,,,,1,,,,,,1,rost-700-%d0%bc%d0%bb,,,,,,,,,,,,,,,,,,,,,,,
PC008-8,1,0,visible,,,taxable,parent,1,,,0,0,,,,,0,,,PC008,,,"N275, N287, KWAP2",,,4,Об'єм,8 л,,1,,,,,,,,,,,,,,,,,,,,1,,,"{""total"":10,""to_translate"":{""ru"":10}}",,,,,1,,,,,,1,rost-8-%d0%bb,,,,,,,,,,,,,,,,,,,,,,,
PC008-1,1,0,visible,,,taxable,parent,1,,,0,0,,,,,0,,,PC008,,,"N275, N287, KWAP2",,,5,Об'єм,1 л,,1,,,,,,,,,,,,,,,,,,,,1,,,"{""total"":10,""to_translate"":{""ru"":10}}",,,,,1,,,,,,1,rost-1-%d0%bb,,,,,,,,,,,,,,,,,,,,,,,
PC004,1,0,visible,,,taxable,,1,,,0,0,,,,,1,,,,,"PC018, PC008, PC019","PC002, PC212, KWAP2",,,0,Бренд,,1,1,Об'єм,,1,1,0,0,enable,default,default,0,0,0,0,default,default,default,default,default,0,0,Документація,yes,"{""total"":183,""to_translate"":{""ru"":183}}",,default,default,default,1,EXPERT,41,90,,,1,,,,,,,,,,,,,,,,,,,,,,,,
PC004-20,1,0,visible,,,taxable,parent,1,,,0,0,,,,,0,,,PC004,,,"PC002, PC212, KWAP2",,,0,Об'єм,20 л,,1,,,,,,,,,,,,,,,,,,,,1,,,"{""total"":10,""to_translate"":{""ru"":10}}",,,,,1,,,,,,1,expert-20-%d0%bb,,,,,,,,,,,,,,,,,,,,,,,
PC004-1,1,0,visible,,,taxable,parent,1,,,0,0,,,,,0,,,PC004,,,"PC002, PC212, KWAP2",,,2,Об'єм,1 л,,1,,,,,,,,,,,,,,,,,,,,1,,,"{""total"":10,""to_translate"":{""ru"":10}}",,,,,1,,,,,,1,expert-1-%d0%bb,,,,,,,,,,,,,,,,,,,,,,,
PC004-6,1,0,visible,,,taxable,parent,1,,,0,0,,,,,0,,,PC004,,,"PC002, PC212, KWAP2",,,3,Об'єм,6 л,,1,,,,,,,,,,,,,,,,,,,,1,,,"{""total"":10,""to_translate"":{""ru"":10}}",,,,,1,,,,,,1,expert-6-%d0%bb,,,,,,,,,,,,,,,,,,,,,,,
PC004-10,1,0,visible,,,taxable,parent,1,,,0,0,,,,,0,,,PC004,,,"PC002, PC212, KWAP2",,,4,Об'єм,10 л,,1,,,,,,,,,,,,,,,,,,,,1,,,"{""total"":10,""to_translate"":{""ru"":10}}",,,,,1,,,,,,1,expert-10-%d0%bb,,,,,,,,,,,,,,,,,,,,,,,
PC106,1,0,visible,,,taxable,,1,,,0,0,,,,,1,,,,,"PC108, PC102, PC101","PC005, N287, PC219",,,0,Бренд,,1,1,Об'єм,,1,1,0,0,enable,default,default,0,0,0,0,default,default,default,default,default,0,0,Документація,yes,"{""total"":196,""to_translate"":{""ru"":196}}",,default,default,default,1,BASIC,48,90,,,1,,,"<iframe title=""BASIC - Płyn do gruntownego mycia marki PRO-CHEM"" width=""1200"" height=""675"" src=""https://www.youtube.com/embed/0KzniLqVG6Q?feature=oembed"" frameborder=""0"" allow=""accelerometer; autoplay; encrypted-media; gyroscope; picture-in-picture"" allowfullscreen></iframe>",1566218849,,,,,,,,,,,,,,,,,,,,
PC106-11,1,0,visible,,,taxable,parent,1,,,0,0,,,,,0,,,PC106,,,"PC005, N287, PC219",,,0,Об'єм,11 л,,1,,,,,,,,,,,,,,,,,,,,1,,,"{""total"":10,""to_translate"":{""ru"":10}}",,,,,1,,,,,,1,basic-11-%d0%bb,,,,,,,,,,,,,,,,,,,,,,,
PC106-7,1,0,visible,,,taxable,parent,1,,,0,0,,,,,0,,,PC106,,,"PC005, N287, PC219",,,2,Об'єм,7 л,,1,,,,,,,,,,,,,,,,,,,,1,,,"{""total"":10,""to_translate"":{""ru"":10}}",,,,,1,,,,,,1,basic-7-%d0%bb,,,,,,,,,,,,,,,,,,,,,,,
PC106-1,1,0,visible,,,taxable,parent,1,,,0,0,,,,,0,,,PC106,,,"PC005, N287, PC219",,,3,Об'єм,1 л,,1,,,,,,,,,,,,,,,,,,,,1,,,"{""total"":10,""to_translate"":{""ru"":10}}",,,,,1,,,,,,1,basic-1-%d0%bb,,,,,,,,,,,,,,,,,,,,,,,
PC011,1,0,visible,,,taxable,,1,,,0,0,,,,,1,,,,,"PC013, PC022, PC015","PC225, N287, PC219",,,0,Бренд,,1,1,Об'єм,,1,1,0,0,enable,default,default,0,0,0,0,default,default,default,default,default,0,0,,no,"{""total"":93,""to_translate"":{""ru"":93}}",,default,default,default,1,PRO MAT,41,90,,,1,,,,,,,,,,,,,,,,,,,,,,,,
PC011-1,1,0,visible,,,taxable,parent,1,,,0,0,,,,,0,,,PC011,,,"PC225, N287, PC219",,,0,Об'єм,1 л,,1,,,,,,,,,,,,,,,,,,,,1,,,"{""total"":12,""to_translate"":{""ru"":12}}",,,,,1,,,,,,1,pro-mat-1-%d0%bb,,,,,,,,,,,,,,,,,,,,,,,
PC011-6,1,0,visible,,,taxable,parent,1,,,0,0,,,,,0,,,PC011,,,"PC225, N287, PC219",,,2,Об'єм,6 л,,1,,,,,,,,,,,,,,,,,,,,1,,,"{""total"":12,""to_translate"":{""ru"":12}}",,,,,1,,,,,,1,pro-mat-6-%d0%bb,,,,,,,,,,,,,,,,,,,,,,,
PC014,1,0,visible,,,taxable,,1,,,0,0,,,,,1,,,,,"PC207, PC215, N275, PC214","PC224, N262, id:985",,,0,Бренд,,1,1,Об'єм,,1,1,0,0,enable,default,default,0,0,0,0,default,default,default,default,default,0,0,Документація,yes,"{""total"":117,""to_translate"":{""ru"":117}}",,default,default,default,0,NON STICKY,40,90,,,1,,,,,,,,,,,,,,,,,,,,,,,,
"PC014-0,2",1,0,visible,,,taxable,parent,1,,,0,0,,,,,0,,,PC014,,,"PC224, N262, id:985",,,0,Об'єм,200 мл,,1,,,,,,,,,,,,,,,,,,,,1,,,"{""total"":12,""to_translate"":{""ru"":12}}",,,,,1,,,,,,1,non-sticky-200-%d0%bc%d0%bb,,,,,,,,,,,,,,,,,,,,,,,
"PC014-0,5",1,0,visible,,,taxable,parent,1,,,0,0,,,,,0,,,PC014,,,"PC224, N262, id:985",,,2,Об'єм,500 мл,,1,,,,,,,,,,,,,,,,,,,,1,,,"{""total"":12,""to_translate"":{""ru"":12}}",,,,,1,,,,,,1,non-sticky-500-%d0%bc%d0%bb,,,,,,,,,,,,,,,,,,,,,,,
PC214,1,0,visible,,,taxable,,1,,,0,0,,,,,1,,,,,"PC202, PC207, PC215, PC212","id:908, N275, id:985",,,0,Бренд,,1,1,Об'єм,,1,1,0,0,enable,default,default,0,0,0,0,default,default,default,default,default,0,0,Документація,yes,"{""total"":194,""to_translate"":{""ru"":194}}",,default,default,default,0,RED MONSTER,44,90,,,1,,,,,"<iframe title=""RED MONSTER - Płyn do mycia felg marki PRO-CHEM"" width=""1200"" height=""675"" src=""https://www.youtube.com/embed/jTsXOJxMtwM?feature=oembed"" frameborder=""0"" allow=""accelerometer; autoplay; encrypted-media; gyroscope; picture-in-picture"" allowfullscreen></iframe>",1566128199,,,,,,,,,,,,,,,,,,
PC214-20,1,0,visible,,,taxable,parent,1,,,0,0,,,,,0,,,PC214,,,"id:908, N275, id:985",,,0,Об'єм,20 л,,1,,,,,,,,,,,,,,,,,,,,1,,,"{""total"":12,""to_translate"":{""ru"":12}}",,,,,1,,,,,,1,red-monster-20-%d0%bb,,,,,,,,,,,,,,,,,,,,,,,
PC214-20-2,1,0,visible,,,taxable,parent,1,,,0,0,,,,,0,,,PC214,,,"id:908, N275, id:985",,,2,Об'єм,2x20 л,,1,,,,,,,,,,,,,,,,,,,,1,,,"{""total"":12,""to_translate"":{""ru"":12}}",,,,,1,,,,,,1,red-monster-2x20-%d0%bb,,,,,,,,,,,,,,,,,,,,,,,
"PC214-0,75",1,0,visible,,,taxable,parent,1,,,0,0,,,,,0,,,PC214,,,"id:908, N275, id:985",,,3,Об'єм,750 мл,,1,,,,,,,,,,,,,,,,,,,,1,,,"{""total"":12,""to_translate"":{""ru"":12}}",,,,,1,,,,,,1,red-monster-750-%d0%bc%d0%bb,,,,,,,,,,,,,,,,,,,,,,,
PC214-1,1,0,visible,,,taxable,parent,1,,,0,0,,,,,0,,,PC214,,,"id:908, N275, id:985",,,4,Об'єм,1 л,,1,,,,,,,,,,,,,,,,,,,,1,,,"{""total"":12,""to_translate"":{""ru"":12}}",,,,,1,,,,,,1,red-monster-1-%d0%bb,,,,,,,,,,,,,,,,,,,,,,,
PC214-6,1,0,visible,,,taxable,parent,1,,,0,0,,,,,0,,,PC214,,,"id:908, N275, id:985",,,5,Об'єм,6 л,,1,,,,,,,,,,,,,,,,,,,,1,,,"{""total"":12,""to_translate"":{""ru"":12}}",,,,,1,,,,,,1,red-monster-6-%d0%bb,,,,,,,,,,,,,,,,,,,,,,,
PC214-10,1,0,visible,,,taxable,parent,1,,,0,0,,,,,0,,,PC214,,,"id:908, N275, id:985",,,6,Об'єм,10 л,,1,,,,,,,,,,,,,,,,,,,,1,,,"{""total"":12,""to_translate"":{""ru"":12}}",,,,,1,,,,,,1,red-monster-10-%d0%bb,,,,,,,,,,,,,,,,,,,,,,,
PC022,1,0,visible,,,taxable,,1,,,0,0,,,,,1,,,,,"PC005, PC011, PC015","PC005, PC008, PC022",,,0,Бренд,,1,1,Об'єм,,1,1,0,0,enable,default,default,0,0,0,0,default,default,default,default,default,0,0,Product Documents,no,"{""total"":88,""to_translate"":{""ru"":88}}",,default,default,default,1,SMOOTH,41,90,,,1,,,,,,,background-image,2559,no-repeat,cover,0.5,center center,,,,,,,,,,,,
"PC022-0,5",1,0,visible,,,taxable,parent,1,,,0,0,,,,,0,,,PC022,,,"PC005, PC008, PC022",,,0,Об'єм,500 мл,,1,,,,,,,,,,,,,,,,,,,,1,,,"{""total"":10,""to_translate"":{""ru"":10}}",,,,,1,,,,,,1,smooth-500-%d0%bc%d0%bb,,,,,,,,,,,,,,,,,,,,,,,
PC022-1,1,0,visible,,,taxable,parent,1,,,0,0,,,,,0,,,PC022,,,"PC005, PC008, PC022",,,2,Об'єм,1 л,,1,,,,,,,,,,,,,,,,,,,,1,,,"{""total"":10,""to_translate"":{""ru"":10}}",,,,,1,,,,,,1,smooth-1-%d0%bb,,,,,,,,,,,,,,,,,,,,,,,
PC017,1,0,visible,,,taxable,,1,,,0,0,,,,,1,,,,,"PC222, PC011, PC022","id:908, id:981, N262",,,0,Бренд,,1,1,Об'єм,,1,1,0,0,enable,default,default,0,0,0,0,default,default,default,default,default,0,0,Документація,yes,"{""total"":147,""to_translate"":{""ru"":147}}",,default,default,default,1,ICE KILLER,42,90,,,,,,,,,,,,,,,,,,,,,,,,,,,
PC017-20,1,0,visible,,,taxable,parent,1,,,0,0,,,,,0,,,PC017,,,"id:908, id:981, N262",,,0,Об'єм,20 л,,1,,,,,,,,,,,,,,,,,,,,1,,,"{""total"":12,""to_translate"":{""ru"":12}}",,,,,1,,,,,,1,ice-killer-20-%d0%bb,,,,,,,,,,,,,,,,,,,,,,,
PC017-5,1,0,visible,,,taxable,parent,1,,,0,0,,,,,0,,,PC017,,,"id:908, id:981, N262",,,2,Об'єм,5 л,,1,,,,,,,,,,,,,,,,,,,,1,,,"{""total"":12,""to_translate"":{""ru"":12}}",,,,,1,,,,,,1,ice-killer-5-%d0%bb,,,,,,,,,,,,,,,,,,,,,,,
PC017-10,1,0,visible,,,taxable,parent,1,,,0,0,,,,,0,,,PC017,,,"id:908, id:981, N262",,,3,Об'єм,10 л,,1,,,,,,,,,,,,,,,,,,,,1,,,"{""total"":12,""to_translate"":{""ru"":12}}",,,,,1,,,,,,1,ice-killer-10-%d0%bb,,,,,,,,,,,,,,,,,,,,,,,
PC112,1,0,visible,,,taxable,,1,,,0,0,,,,,1,,,,,"PC104, PC004, PC005","PC225, PC014, PC011",,,0,Бренд,,1,1,Об'єм,,1,1,0,0,enable,default,default,0,0,0,0,default,default,default,default,default,0,0,Документація,yes,"{""total"":131,""to_translate"":{""ru"":131}}",,default,default,default,1,JUMBO,41,90,,,1,,,,,,,,,,,,,"<iframe title=""JUMBO - Płyn do mycia kuchni / PRO-CHEM"" width=""1200"" height=""900"" src=""https://www.youtube.com/embed/BE9V8Fhw0eU?feature=oembed"" frameborder=""0"" allow=""accelerometer; autoplay; encrypted-media; gyroscope; picture-in-picture"" allowfullscreen></iframe>",1566221628,,,,,,,,,,
"PC112-0,6",1,0,visible,,,taxable,parent,1,,,0,0,,,,,0,,,PC112,,,"PC225, PC014, PC011",,,0,Об'єм,600 мл,,1,,,,,,,,,,,,,,,,,,,,1,,,"{""total"":10,""to_translate"":{""ru"":10}}",,,,,1,,,,,,1,jumbo-600-%d0%bc%d0%bb,,,,,,,,,,,,,,,,,,,,,,,
PC112-6,1,0,visible,,,taxable,parent,1,,,0,0,,,,,0,,,PC112,,,"PC225, PC014, PC011",,,2,Об'єм,6 л,,1,,,,,,,,,,,,,,,,,,,,1,,,"{""total"":10,""to_translate"":{""ru"":10}}",,,,,1,,,,,,1,jumbo-6-%d0%bb,,,,,,,,,,,,,,,,,,,,,,,
PC112-10,1,0,visible,,,taxable,parent,1,,,0,0,,,,,0,,,PC112,,,"PC225, PC014, PC011",,,3,Об'єм,10 л,,1,,,,,,,,,,,,,,,,,,,,1,,,"{""total"":10,""to_translate"":{""ru"":10}}",,,,,1,,,,,,1,jumbo-10-%d0%bb,,,,,,,,,,,,,,,,,,,,,,,
PC118,1,0,visible,,,taxable,,1,,,0,0,,,,,1,,,,,"PC222, PC116, PC112","PC106, PC116, PC109",,,0,Бренд,,1,1,Запах,,1,1,0,0,enable,default,default,0,0,0,0,default,default,default,default,default,0,0,Документація,yes,"{""total"":119,""to_translate"":{""ru"":119}}",,default,default,default,1,INTENSIVE,36,90,,,1,,,,,,,,,,,,,,,Об'єм,,1,1,,,,,,
"PC118-1,5",1,0,visible,,,taxable,parent,1,,,0,0,,,,,0,,,PC118,,,"PC106, PC116, PC109",,,1,Запах,Букет квітів,,1,Об'єм,1.5 л,,1,,,,,,,,,,,,,,,,1,,,"{""total"":26,""to_translate"":{""ru"":26}}",,,,,1,,,,,,1,intensive-1-5-%d0%bb-%d0%b1%d1%83%d0%ba%d0%b5%d1%82-%d0%ba%d0%b2%d1%96%d1%82%d1%96%d0%b2,,,,,,,,,,,,,,,,,,,,,,,
"PC115-1,5",1,0,visible,,,taxable,parent,1,,,0,0,,,,,0,,,PC118,,,"PC106, PC116, PC109",,,2,Запах,Фруктовий мікс,,1,Об'єм,1.5 л,,1,,,,,,,,,,,,,,,,1,,,"{""total"":19,""to_translate"":{""ru"":19}}",,,,,1,,,,,,1,intensive-4-%d0%bb-%d0%b1%d1%83%d0%ba%d0%b5%d1%82-%d0%ba%d0%b2%d1%96%d1%82%d1%96%d0%b2,,,,,,,,,,,,,,,,,,,,,,,
PC115-4,1,0,visible,,,taxable,parent,1,,,0,0,,,,,0,,,PC118,,,"PC106, PC116, PC109",,,3,Запах,Фруктовий мікс,,1,Об'єм,4 л,,1,,,,,,,,,,,,,,,,1,,,"{""total"":17,""to_translate"":{""ru"":17}}",,,,,1,,,,,,1,intensive-4-%d0%bb-%d1%84%d1%80%d1%83%d0%ba%d1%82%d0%be%d0%b2%d0%b8%d0%b9-%d0%bc%d1%96%d0%ba%d1%81,,,,,,,,,,,,,,,,,,,,,,,
PC115-10,1,0,visible,,,taxable,parent,1,,,0,0,,,,,0,,,PC118,,,"PC106, PC116, PC109",,,4,Запах,Фруктовий мікс,,1,Об'єм,10 л,,1,,,,,,,,,,,,,,,,1,,,"{""total"":17,""to_translate"":{""ru"":17}}",,,,,1,,,,,,1,intensive-10-%d0%bb-%d1%84%d1%80%d1%83%d0%ba%d1%82%d0%be%d0%b2%d0%b8%d0%b9-%d0%bc%d1%96%d0%ba%d1%81,,,,,,,,,,,,,,,,,,,,,,,
PC116,1,0,visible,,,taxable,,1,,,0,0,,,,,1,,,,,"PC222, PC118, PC102","PC004, PC005, PC113",,,0,Бренд,,1,1,Об'єм,,1,1,0,0,enable,default,default,0,0,0,0,default,default,default,default,default,0,0,Документація,no,"{""total"":128,""to_translate"":{""ru"":128}}",,default,default,default,1,IMPERIAL,40,90,,,1,,,,,,,,,,,,,,,,,,,,,,,,
"PC116-1,5",1,0,visible,,,taxable,parent,1,,,0,0,,,,,0,,,PC116,,,"PC004, PC005, PC113",,,0,Об'єм,1.5 л,,1,,,,,,,,,,,,,,,,,,,,1,,,"{""total"":13,""to_translate"":{""ru"":13}}",,,,,1,,,,,,1,imperial-1-5-%d0%bb,,,,,,,,,,,,,,,,,,,,,,,
PC116-4,1,0,visible,,,taxable,parent,1,,,0,0,,,,,0,,,PC116,,,"PC004, PC005, PC113",,,2,Об'єм,4 л,,1,,,,,,,,,,,,,,,,,,,,1,,,"{""total"":10,""to_translate"":{""ru"":10}}",,,,,1,,,,,,1,imperial-4-%d0%bb,,,,,,,,,,,,,,,,,,,,,,,
PC116-10,1,0,visible,,,taxable,parent,1,,,0,0,,,,,0,,,PC116,,,"PC004, PC005, PC113",,,3,Об'єм,10 л,,1,,,,,,,,,,,,,,,,,,,,1,,,"{""total"":10,""to_translate"":{""ru"":10}}",,,,,1,,,,,,1,imperial-10-%d0%bb,,,,,,,,,,,,,,,,,,,,,,,
PC104,1,0,visible,,,taxable,,1,,,0,0,,,,,1,,,,,"PC222, PC005, PC108","PC006, PC212, FOR05",,,0,Бренд,,1,1,Об'єм,,1,1,0,0,enable,default,default,0,0,0,0,default,default,default,default,default,0,0,Документація,yes,"{""total"":174,""to_translate"":{""ru"":174}}",,default,default,default,1,BURNOUT,47,90,,,1,,,,,,,,,,,,,,,,,,,,,,,,
"PC104-0,6",1,0,visible,,,taxable,parent,1,,,0,0,,,,,0,,,PC104,,,"PC006, PC212, FOR05",,,0,Об'єм,600 мл,,1,,,,,,,,,,,,,,,,,,,,1,,,"{""total"":10,""to_translate"":{""ru"":10}}",,,,,1,,,,,,1,burnout-600-%d0%bc%d0%bb,,,,,,,,,,,,,,,,,,,,,,,
PC104-6,1,0,visible,,,taxable,parent,1,,,0,0,,,,,0,,,PC104,,,"PC006, PC212, FOR05",,,2,Об'єм,6 л,,1,,,,,,,,,,,,,,,,,,,,1,,,"{""total"":10,""to_translate"":{""ru"":10}}",,,,,1,,,,,,1,burnout-6-%d0%bb,,,,,,,,,,,,,,,,,,,,,,,
PC109,1,0,visible,,,taxable,,1,,,0,0,,,,,1,,,,,"PC106, PC108, PC102","PC005, PC116, PC118",,,0,Бренд,,1,1,Об'єм,,1,1,0,0,enable,default,default,0,0,0,0,default,default,default,default,default,0,0,Документація,yes,"{""total"":137,""to_translate"":{""ru"":137}}",,default,default,default,1,MAGIC,41,90,,,1,,,,,,,,,,,,,,,,,,,,,,,,
PC109-1,1,0,visible,,,taxable,parent,1,,,0,0,,,,,0,,,PC109,,,"PC005, PC116, PC118",,,0,Об'єм,1 л,,1,,,,,,,,,,,,,,,,,,,,1,,,"{""total"":10,""to_translate"":{""ru"":10}}",,,,,1,,,,,,1,magic-1-%d0%bb,,,,,,,,,,,,,,,,,,,,,,,
PC109-6,1,0,visible,,,taxable,parent,1,,,0,0,,,,,0,,,PC109,,,"PC005, PC116, PC118",,,2,Об'єм,6 л,,1,,,,,,,,,,,,,,,,,,,,1,,,"{""total"":10,""to_translate"":{""ru"":10}}",,,,,1,,,,,,1,magic-6-%d0%bb,,,,,,,,,,,,,,,,,,,,,,,
PC109-10,1,0,visible,,,taxable,parent,1,,,0,0,,,,,0,,,PC109,,,"PC005, PC116, PC118",,,3,Об'єм,10 л,,1,,,,,,,,,,,,,,,,,,,,1,,,"{""total"":10,""to_translate"":{""ru"":10}}",,,,,1,,,,,,1,magic-10-%d0%bb,,,,,,,,,,,,,,,,,,,,,,,
PC117,1,0,visible,,,taxable,,1,,,0,0,,,,,1,,,,,,,,,0,Бренд,,1,1,Об'єм,,1,1,0,0,enable,default,default,0,0,0,0,default,default,default,default,default,0,0,Product Documents,no,"{""total"":70,""to_translate"":{""ru"":70}}",,default,default,default,1,MYSTERY,,90,,,,,,,,,,,,,,,,,,,,,,,,,,,
PC113,1,0,visible,,,taxable,,1,,,0,0,,,,,1,,,,,"PC222, PC002, PC105","PC217, PC102, PC103",,,0,Бренд,,1,1,Об'єм,,1,1,0,0,enable,default,default,0,0,0,0,default,default,default,default,default,0,0,Документація,yes,"{""total"":70,""to_translate"":{""ru"":70}}",,default,default,default,1,SOFT HONEY,40,90,,,1,,,,,,,,,,,,,,,,,,,,,,,,
"PC113-0,5",1,0,visible,,,taxable,parent,1,,,0,0,,,,,0,,,PC113,,,"PC217, PC102, PC103",,,0,Об'єм,500 мл,,1,,,,,,,,,,,,,,,,,,,,1,,,"{""total"":12,""to_translate"":{""ru"":12}}",,,,,1,,,,,,1,soft-honey-500-%d0%bc%d0%bb,,,,,,,,,,,,,,,,,,,,,,,
PC113-1,1,0,visible,,,taxable,parent,1,,,0,0,,,,,0,,,PC113,,,"PC217, PC102, PC103",,,2,Об'єм,1 л,,1,,,,,,,,,,,,,,,,,,,,1,,,"{""total"":12,""to_translate"":{""ru"":12}}",,,,,1,,,,,,1,soft-honey-1-%d0%bb,,,,,,,,,,,,,,,,,,,,,,,
PC113-6,1,0,visible,,,taxable,parent,1,,,0,0,,,,,0,,,PC113,,,"PC217, PC102, PC103",,,3,Об'єм,6 л,,1,,,,,,,,,,,,,,,,,,,,1,,,"{""total"":12,""to_translate"":{""ru"":12}}",,,,,1,,,,,,1,soft-honey-6-%d0%bb,,,,,,,,,,,,,,,,,,,,,,,
PC113-10,1,0,visible,,,taxable,parent,1,,,0,0,,,,,0,,,PC113,,,"PC217, PC102, PC103",,,4,Об'єм,10 л,,1,,,,,,,,,,,,,,,,,,,,1,,,"{""total"":12,""to_translate"":{""ru"":12}}",,,,,1,,,,,,1,soft-honey-10-%d0%bb,,,,,,,,,,,,,,,,,,,,,,,
PC105,1,0,visible,,,taxable,,1,,,0,0,,,,,1,,,,,"PC222, PC118, PC113","PC116, PC112, PC103",,,0,Бренд,,1,1,Об'єм,,1,1,0,0,enable,default,default,0,0,0,0,default,default,default,default,default,0,0,Документація,yes,"{""total"":67,""to_translate"":{""ru"":67}}",,default,default,default,1,SOFT ORANGE,41,90,,,1,,,,,,,,,,,,,,,,,,,,,,,,
"PC105-0,5",1,0,visible,,,taxable,parent,1,,,0,0,,,,,0,,,PC105,,,"PC116, PC112, PC103",,,0,Об'єм,500 мл,,1,,,,,,,,,,,,,,,,,,,,1,,,"{""total"":10,""to_translate"":{""ru"":10}}",,,,,1,,,,,,1,500-%d0%bc%d0%bb,,,,,,,,,,,,,,,,,,,,,,,
PC105-1,1,0,visible,,,taxable,parent,1,,,0,0,,,,,0,,,PC105,,,"PC116, PC112, PC103",,,2,Об'єм,1 л,,1,,,,,,,,,,,,,,,,,,,,1,,,"{""total"":10,""to_translate"":{""ru"":10}}",,,,,1,,,,,,1,1-%d0%bb,,,,,,,,,,,,,,,,,,,,,,,
PC105-6,1,0,visible,,,taxable,parent,1,,,0,0,,,,,0,,,PC105,,,"PC116, PC112, PC103",,,3,Об'єм,6 л,,1,,,,,,,,,,,,,,,,,,,,1,,,"{""total"":10,""to_translate"":{""ru"":10}}",,,,,1,,,,,,1,6-%d0%bb,,,,,,,,,,,,,,,,,,,,,,,
PC105-10,1,0,visible,,,taxable,parent,1,,,0,0,,,,,0,,,PC105,,,"PC116, PC112, PC103",,,4,Об'єм,10 л,,1,,,,,,,,,,,,,,,,,,,,1,,,"{""total"":10,""to_translate"":{""ru"":10}}",,,,,1,,,,,,1,10-%d0%bb,,,,,,,,,,,,,,,,,,,,,,,
PC110,1,0,visible,,,taxable,,1,,,0,0,,,,,1,,,,,"PC116, PC118, PC113","PC202, PC225, PC011",,,0,Бренд,,1,1,Запах,,1,1,0,0,enable,default,default,0,0,0,0,default,default,default,default,default,0,0,Документація,yes,"{""total"":85,""to_translate"":{""ru"":85}}",,default,default,default,1,WASH MASTER,41,90,,,1,,,,,,,,,,,,,,,Об'єм,,1,1,,,,,,
PC110-1,1,0,visible,,,taxable,parent,1,,,0,0,,,,,0,,,PC110,,,"PC202, PC225, PC011",,,1,Запах,Лимон,,1,Об'єм,1 л,,1,,,,,,,,,,,,,,,,1,,,"{""total"":16,""to_translate"":{""ru"":16}}",,,,,1,,,,,,1,wash-master-1-%d0%bb-%d0%bb%d0%b8%d0%bc%d0%be%d0%bd,,,,,,,,,,,,,,,,,,,,,,,
PC110-6,1,0,visible,,,taxable,parent,1,,,0,0,,,,,0,,,PC110,,,"PC202, PC225, PC011",,,3,Запах,Лимон,,1,Об'єм,6 л,,1,,,,,,,,,,,,,,,,1,,,"{""total"":16,""to_translate"":{""ru"":16}}",,,,,1,,,,,,1,wash-master-6-%d0%bb-%d0%bb%d0%b8%d0%bc%d0%be%d0%bd,,,,,,,,,,,,,,,,,,,,,,,
PC110-10,1,0,visible,,,taxable,parent,1,,,0,0,,,,,0,,,PC110,,,"PC202, PC225, PC011",,,5,Запах,Лимон,,1,Об'єм,10 л,,1,,,,,,,,,,,,,,,,1,,,"{""total"":16,""to_translate"":{""ru"":16}}",,,,,1,,,,,,1,wash-master-10-%d0%bb-%d0%bb%d0%b8%d0%bc%d0%be%d0%bd,,,,,,,,,,,,,,,,,,,,,,,
PC114-1,1,0,visible,,,taxable,parent,1,,,0,0,,,,,0,,,PC110,,,"PC202, PC225, PC011",,,2,Запах,Малина,,1,Об'єм,1 л,,1,,,,,,,,,,,,,,,,1,,,"{""total"":16,""to_translate"":{""ru"":16}}",,,,,1,,,,,,1,wash-master-1-%d0%bb-%d0%bc%d0%b0%d0%bb%d0%b8%d0%bd%d0%b0,,,,,,,,,,,,,,,,,,,,,,,
PC114-6,1,0,visible,,,taxable,parent,1,,,0,0,,,,,0,,,PC110,,,"PC202, PC225, PC011",,,4,Запах,Малина,,1,Об'єм,6 л,,1,,,,,,,,,,,,,,,,1,,,"{""total"":16,""to_translate"":{""ru"":16}}",,,,,1,,,,,,1,wash-master-6-%d0%bb-%d0%bc%d0%b0%d0%bb%d0%b8%d0%bd%d0%b0,,,,,,,,,,,,,,,,,,,,,,,
PC114-10,1,0,visible,,,taxable,parent,1,,,0,0,,,,,0,,,PC110,,,"PC202, PC225, PC011",,,6,Запах,Малина,,1,Об'єм,10 л,,1,,,,,,,,,,,,,,,,1,,,"{""total"":16,""to_translate"":{""ru"":16}}",,,,,1,,,,,,1,wash-master-10-%d0%bb-%d0%bc%d0%b0%d0%bb%d0%b8%d0%bd%d0%b0,,,,,,,,,,,,,,,,,,,,,,,
PC101,1,0,visible,,,taxable,,1,,,0,0,,,,,1,,,,,"PC108, PC102, PC219","A1711, PC002, N287",,,0,Бренд,,1,1,Об'єм,,1,1,0,0,enable,default,default,0,0,0,0,default,default,default,default,default,0,0,Документація,yes,"{""total"":154,""to_translate"":{""ru"":154}}",,default,default,default,1,ROST ACTIV,36,90,,,1,,,,,,,,,,,,,,,,,,,,,,,,
"PC101-0,75",1,0,visible,,,taxable,parent,1,,,0,0,,,,,0,,,PC101,,,"A1711, PC002, N287",,,0,Об'єм,750 мл,,1,,,,,,,,,,,,,,,,,,,,1,,,"{""total"":12,""to_translate"":{""ru"":12}}",,,,,1,,,,,,1,rost-activ-750-%d0%bc%d0%bb,,,,,,,,,,,,,,,,,,,,,,,
PC101-6,1,0,visible,,,taxable,parent,1,,,0,0,,,,,0,,,PC101,,,"A1711, PC002, N287",,,2,Об'єм,6 л,,1,,,,,,,,,,,,,,,,,,,,1,,,"{""total"":12,""to_translate"":{""ru"":12}}",,,,,1,,,,,,1,rost-activ-6-%d0%bb,,,,,,,,,,,,,,,,,,,,,,,
PC101-10,1,0,visible,,,taxable,parent,1,,,0,0,,,,,0,,,PC101,,,"A1711, PC002, N287",,,3,Об'єм,10 л,,1,,,,,,,,,,,,,,,,,,,,1,,,"{""total"":12,""to_translate"":{""ru"":12}}",,,,,1,,,,,,1,rost-activ-10-%d0%bb,,,,,,,,,,,,,,,,,,,,,,,
PC111,1,0,visible,,,taxable,,1,,,0,0,,,,,1,,,,,"PC217, PC206, PC110","PC225, PC116, PC118",,,0,Бренд,,1,1,Об'єм,,1,1,0,0,enable,default,default,0,0,0,0,default,default,default,default,default,0,0,Документація,no,"{""total"":113,""to_translate"":{""ru"":113}}",,default,default,default,1,FLUSH,40,90,,,1,,,,,,,,,,,,,,,,,,,,,,,,
"PC111-0,75",1,0,visible,,,taxable,parent,1,,,0,0,,,,,0,,,PC111,,,"PC225, PC116, PC118",,,0,Об'єм,750 мл,,1,,,,,,,,,,,,,,,,,,,,1,,,"{""total"":10,""to_translate"":{""ru"":10}}",,,,,1,,,,,,1,flush-750-%d0%bc%d0%bb,,,,,,,,,,,,,,,,,,,,,,,
PC111-6,1,0,visible,,,taxable,parent,1,,,0,0,,,,,0,,,PC111,,,"PC225, PC116, PC118",,,2,Об'єм,6 л,,1,,,,,,,,,,,,,,,,,,,,1,,,"{""total"":10,""to_translate"":{""ru"":10}}",,,,,1,,,,,,1,flush-6-%d0%bb,,,,,,,,,,,,,,,,,,,,,,,
PC203,1,0,visible,,,taxable,,1,,,0,0,,,,,1,,,,,"PC207, PC215, N275","N256, N287",,,0,Бренд,,1,1,Об'єм,,1,1,0,0,enable,default,default,0,0,0,0,default,default,default,default,default,0,0,Документація,yes,"{""total"":153,""to_translate"":{""ru"":153}}",,default,default,default,1,LEATHER PROTECTOR,34,90,,,1,,,,,,,,,,,,,,,,,,,,,,,,
"PC203-0,2",1,0,visible,,,taxable,parent,1,,,0,0,,,,,0,,,PC203,,,"N256, N287",,,0,Об'єм,200 мл,,1,,,,,,,,,,,,,,,,,,,,1,,,"{""total"":12,""to_translate"":{""ru"":12}}",,,,,1,,,,,,1,leather-protector-200-%d0%bc%d0%bb,,,,,,,,,,,,,,,,,,,,,,,
"PC203-0,75",1,0,visible,,,taxable,parent,1,,,0,0,,,,,0,,,PC203,,,"N256, N287",,,2,Об'єм,750 мл,,1,,,,,,,,,,,,,,,,,,,,1,,,"{""total"":12,""to_translate"":{""ru"":12}}",,,,,1,,,,,,1,leather-protector-750-%d0%bc%d0%bb,,,,,,,,,,,,,,,,,,,,,,,
PC203-6,1,0,visible,,,taxable,parent,1,,,0,0,,,,,0,,,PC203,,,"N256, N287",,,3,Об'єм,6 л,,1,,,,,,,,,,,,,,,,,,,,1,,,"{""total"":12,""to_translate"":{""ru"":12}}",,,,,1,,,,,,1,leather-protector-6-%d0%bb,,,,,,,,,,,,,,,,,,,,,,,
PC206,1,0,visible,,,taxable,,1,,,0,0,,,,,1,,,,,"PC112, PC219, KWAP2","N287, PC014, id:985",,,0,Бренд,,1,1,Об'єм,,1,1,0,0,enable,default,default,0,0,0,0,default,default,default,default,default,0,0,Документація,yes,"{""total"":113,""to_translate"":{""ru"":113}}",,default,default,default,1,TAPI,40,90,,,1,,,,,,,,,,,,,,,,,,,,,,,,
"PC206-0,5",1,0,visible,,,taxable,parent,1,,,0,0,,,,,0,,,PC206,,,"N287, PC014, id:985",,,0,Об'єм,500 мл,,1,,,,,,,,,,,,,,,,,,,,1,,,"{""total"":10,""to_translate"":{""ru"":10}}",,,,,1,,,,,,1,tapi-500-%d0%bc%d0%bb,,,,,,,,,,,,,,,,,,,,,,,
PC206-6,1,0,visible,,,taxable,parent,1,,,0,0,,,,,0,,,PC206,,,"N287, PC014, id:985",,,2,Об'єм,6 л,,1,,,,,,,,,,,,,,,,,,,,1,,,"{""total"":10,""to_translate"":{""ru"":10}}",,,,,1,,,,,,1,tapi-6-%d0%bb,,,,,,,,,,,,,,,,,,,,,,,
PC108,1,0,visible,,,taxable,,1,,,0,0,,,,,1,,,,,"PC106, PC109, PC102","PC005, N275, PC009",,,0,Бренд,,1,1,Об'єм,,1,1,0,0,enable,default,default,0,0,0,0,default,default,default,default,default,0,0,Документація,yes,"{""total"":126,""to_translate"":{""ru"":126}}",,default,default,default,1,LAMINEL,40,90,,,1,,,,,,,,,,,,,,,,,,,,,,,,
PC108-1,1,0,visible,,,taxable,parent,1,,,0,0,,,,,0,,,PC108,,,"PC005, N275, PC009",,,0,Об'єм,1 л,,1,,,,,,,,,,,,,,,,,,,,1,,,"{""total"":10,""to_translate"":{""ru"":10}}",,,,,1,,,,,,1,laminel-1-%d0%bb,,,,,,,,,,,,,,,,,,,,,,,
PC108-6,1,0,visible,,,taxable,parent,1,,,0,0,,,,,0,,,PC108,,,"PC005, N275, PC009",,,2,Об'єм,6 л,,1,,,,,,,,,,,,,,,,,,,,1,,,"{""total"":10,""to_translate"":{""ru"":10}}",,,,,1,,,,,,1,laminel-6-%d0%bb,,,,,,,,,,,,,,,,,,,,,,,
PC108-10,1,0,visible,,,taxable,parent,1,,,0,0,,,,,0,,,PC108,,,"PC005, N275, PC009",,,3,Об'єм,10 л,,1,,,,,,,,,,,,,,,,,,,,1,,,"{""total"":10,""to_translate"":{""ru"":10}}",,,,,1,,,,,,1,laminel-10-%d0%bb,,,,,,,,,,,,,,,,,,,,,,,
PC217,1,0,visible,,,taxable,,1,,,0,0,,,,,1,,,,,"PC222, PC102, PC206","PC001, N262, id:985",,,0,Бренд,,1,1,Запах,,1,1,0,0,enable,default,default,0,0,0,0,default,default,default,default,default,0,0,Документація,yes,"{""total"":87,""to_translate"":{""ru"":87}}",,default,default,default,1,AIR FRESH,41,90,,,1,,,,,,,,,,,,,,,Об'єм,,1,1,,,,,,
"PC208-0,75",1,0,visible,,,taxable,parent,1,,,0,0,,,,,0,,,PC217,,,"PC001, N262, id:985",,,0,Запах,Ваніль,,1,Об'єм,750 мл,,1,,,,,,,,,,,,,,,,1,,,"{""total"":16,""to_translate"":{""ru"":16}}",,,,,1,,,,,,1,air-fresh-750-%d0%bc%d0%bb-%d0%b2%d0%b0%d0%bd%d1%96%d0%bb%d1%8c,,,,,,,,,,,,,,,,,,,,,,,
PC208-6,1,0,visible,,,taxable,parent,1,,,0,0,,,,,0,,,PC217,,,"PC001, N262, id:985",,,2,Запах,Ваніль,,1,Об'єм,6 л,,1,,,,,,,,,,,,,,,,1,,,"{""total"":16,""to_translate"":{""ru"":16}}",,,,,1,,,,,,1,air-fresh-6-%d0%bb-%d0%b2%d0%b0%d0%bd%d1%96%d0%bb%d1%8c,,,,,,,,,,,,,,,,,,,,,,,
"PC217-0,75",1,0,visible,,,taxable,parent,1,,,0,0,,,,,0,,,PC217,,,"PC001, N262, id:985",,,3,Запах,Залений чай,,1,Об'єм,750 мл,,1,,,,,,,,,,,,,,,,1,,,"{""total"":19,""to_translate"":{""ru"":19}}",,,,,1,,,,,,1,air-fresh-750-%d0%bc%d0%bb-%d0%b7%d0%b0%d0%bb%d0%b5%d0%bd%d0%b8%d0%b9-%d1%87%d0%b0%d0%b9,,,,,,,,,,,,,,,,,,,,,,,
PC217-6,1,0,visible,,,taxable,parent,1,,,0,0,,,,,0,,,PC217,,,"PC001, N262, id:985",,,4,Запах,Залений чай,,1,Об'єм,6 л,,1,,,,,,,,,,,,,,,,1,,,"{""total"":19,""to_translate"":{""ru"":19}}",,,,,1,,,,,,1,air-fresh-6-%d0%bb-%d0%b7%d0%b0%d0%bb%d0%b5%d0%bd%d0%b8%d0%b9-%d1%87%d0%b0%d0%b9,,,,,,,,,,,,,,,,,,,,,,,
"PC209-0,75",1,0,visible,,,taxable,parent,1,,,0,0,,,,,0,,,PC217,,,"PC001, N262, id:985",,,5,Запах,Яблуко,,1,Об'єм,750 мл,,1,,,,,,,,,,,,,,,,1,,,"{""total"":16,""to_translate"":{""ru"":16}}",,,,,1,,,,,,1,air-fresh-750-%d0%bc%d0%bb-%d1%8f%d0%b1%d0%bb%d1%83%d0%ba%d0%be,,,,,,,,,,,,,,,,,,,,,,,
PC209-6,1,0,visible,,,taxable,parent,1,,,0,0,,,,,0,,,PC217,,,"PC001, N262, id:985",,,6,Запах,Яблуко,,1,Об'єм,6 л,,1,,,,,,,,,,,,,,,,1,,,"{""total"":16,""to_translate"":{""ru"":16}}",,,,,1,,,,,,1,air-fresh-6-%d0%bb-%d1%8f%d0%b1%d0%bb%d1%83%d0%ba%d0%be,,,,,,,,,,,,,,,,,,,,,,,
PC222,1,0,visible,,,taxable,,1,,,0,0,,,,,1,,,,,"PC217, PC105, PC206","PC112, PC001, PC117",,,0,Бренд,,1,1,Запах,,1,1,0,0,enable,default,default,0,0,0,0,default,default,default,default,default,0,0,Документація,yes,"{""total"":99,""to_translate"":{""ru"":99}}",,default,default,default,0,DEEP,41,90,,,1,,,,,,,,,,,,,,,Об'єм,,1,1,,,,,,
"PC220-0,2",1,0,visible,,,taxable,parent,1,,,0,0,,,,,0,,,PC222,,,"PC112, PC001, PC117",,,1,Запах,Букет квітів,,1,Об'єм,200 мл,,1,,,,,,,,,,,,,,,,1,,,"{""total"":17,""to_translate"":{""ru"":17}}",,,,,1,,,,,,1,deep-200-%d0%bc%d0%bb-%d0%b1%d1%83%d0%ba%d0%b5%d1%82-%d0%ba%d0%b2%d1%96%d1%82%d1%96%d0%b2,,,,,,,,,,,,,,,,,,,,,,,
PC220-6,1,0,visible,,,taxable,parent,1,,,0,0,,,,,0,,,PC222,,,"PC112, PC001, PC117",,,2,Запах,Букет квітів,,1,Об'єм,6 л,,1,,,,,,,,,,,,,,,,1,,,"{""total"":17,""to_translate"":{""ru"":17}}",,,,,1,,,,,,1,deep-6-%d0%bb-%d0%b1%d1%83%d0%ba%d0%b5%d1%82-%d0%ba%d0%b2%d1%96%d1%82%d1%96%d0%b2,,,,,,,,,,,,,,,,,,,,,,,
"PC227-0,2",1,0,visible,,,taxable,parent,1,,,0,0,,,,,0,,,PC222,,,"PC112, PC001, PC117",,,3,Запах,Ейфорія,,1,Об'єм,200 мл,,1,,,,,,,,,,,,,,,,1,,,"{""total"":14,""to_translate"":{""ru"":14}}",,,,,1,,,,,,1,deep-200-%d0%bc%d0%bb-%d0%b5%d0%b9%d1%84%d0%be%d1%80%d1%96%d1%8f,,,,,,,,,,,,,,,,,,,,,,,
"PC221-0,2",1,0,visible,,,taxable,parent,1,,,0,0,,,,,0,,,PC222,,,"PC112, PC001, PC117",,,5,Запах,Залений чай,,1,Об'єм,200 мл,,1,,,,,,,,,,,,,,,,1,,,"{""total"":17,""to_translate"":{""ru"":17}}",,,,,1,,,,,,1,deep-200-%d0%bc%d0%bb-%d0%b7%d0%b0%d0%bb%d0%b5%d0%bd%d0%b8%d0%b9-%d1%87%d0%b0%d0%b9,,,,,,,,,,,,,,,,,,,,,,,
PC221-6,1,0,visible,,,taxable,parent,1,,,0,0,,,,,0,,,PC222,,,"PC112, PC001, PC117",,,6,Запах,Залений чай,,1,Об'єм,6 л,,1,,,,,,,,,,,,,,,,1,,,"{""total"":17,""to_translate"":{""ru"":17}}",,,,,1,,,,,,1,deep-6-%d0%bb-%d0%b7%d0%b0%d0%bb%d0%b5%d0%bd%d0%b8%d0%b9-%d1%87%d0%b0%d0%b9,,,,,,,,,,,,,,,,,,,,,,,
"PC223-0,2",1,0,visible,,,taxable,parent,1,,,0,0,,,,,0,,,PC222,,,"PC112, PC001, PC117",,,7,Запах,Новий автомобіль,,1,Об'єм,200 мл,,1,,,,,,,,,,,,,,,,1,,,"{""total"":17,""to_translate"":{""ru"":17}}",,,,,1,,,,,,1,deep-200-%d0%bc%d0%bb-%d0%bd%d0%be%d0%b2%d0%b8%d0%b9-%d0%b0%d0%b2%d1%82%d0%be%d0%bc%d0%be%d0%b1%d1%96%d0%bb%d1%8c,,,,,,,,,,,,,,,,,,,,,,,
PC223-6,1,0,visible,,,taxable,parent,1,,,0,0,,,,,0,,,PC222,,,"PC112, PC001, PC117",,,8,Запах,Новий автомобіль,,1,Об'єм,6 л,,1,,,,,,,,,,,,,,,,1,,,"{""total"":17,""to_translate"":{""ru"":17}}",,,,,1,,,,,,1,deep-6-%d0%bb-%d0%bd%d0%be%d0%b2%d0%b8%d0%b9-%d0%b0%d0%b2%d1%82%d0%be%d0%bc%d0%be%d0%b1%d1%96%d0%bb%d1%8c,,,,,,,,,,,,,,,,,,,,,,,
"PC222-0,2",1,0,visible,,,taxable,parent,1,,,0,0,,,,,0,,,PC222,,,"PC112, PC001, PC117",,,9,Запах,Фруктовий мікс,,1,Об'єм,200 мл,,1,,,,,,,,,,,,,,,,1,,,"{""total"":17,""to_translate"":{""ru"":17}}",,,,,1,,,,,,1,deep-200-%d0%bc%d0%bb-%d1%84%d1%80%d1%83%d0%ba%d1%82%d0%be%d0%b2%d0%b8%d0%b9-%d0%bc%d1%96%d0%ba%d1%81,,,,,,,,,,,,,,,,,,,,,,,
PC222-6,1,0,visible,,,taxable,parent,1,,,0,0,,,,,0,,,PC222,,,"PC112, PC001, PC117",,,10,Запах,Фруктовий мікс,,1,Об'єм,6 л,,1,,,,,,,,,,,,,,,,1,,,"{""total"":17,""to_translate"":{""ru"":17}}",,,,,1,,,,,,1,deep-6-%d0%bb-%d1%84%d1%80%d1%83%d0%ba%d1%82%d0%be%d0%b2%d0%b8%d0%b9-%d0%bc%d1%96%d0%ba%d1%81,,,,,,,,,,,,,,,,,,,,,,,
PC107,1,0,visible,,,taxable,,1,,,0,0,,,,,1,,,,,"PC222, PC111, PC203","A172, N262, id:985",,,0,Бренд,,1,1,Об'єм,,1,1,0,0,enable,default,default,0,0,0,0,default,default,default,default,default,0,0,Документація,yes,"{""total"":143,""to_translate"":{""ru"":143}}",,default,default,default,1,TAPI WASHER,41,90,,,1,,,,,,,,,,,,,,,,,,,"<iframe title=""TAPI WASHER PRO-CHEM - Płyn do prania tapicerki"" width=""1200"" height=""900"" src=""https://www.youtube.com/embed/ONXtp2dKc1M?feature=oembed"" frameborder=""0"" allow=""accelerometer; autoplay; encrypted-media; gyroscope; picture-in-picture"" allowfullscreen></iframe>",1566223633,,,,
PC107-20,1,0,visible,,,taxable,parent,1,,,0,0,,,,,0,,,PC107,,,"A172, N262, id:985",,,0,Об'єм,20 л,,1,,,,,,,,,,,,,,,,,,,,1,,,"{""total"":12,""to_translate"":{""ru"":12}}",,,,,1,,,,,,1,tapi-washer-20-%d0%bb,,,,,,,,,,,,,,,,,,,,,,,
PC107-20-2,1,0,visible,,,taxable,parent,1,,,0,0,,,,,0,,,PC107,,,"A172, N262, id:985",,,2,Об'єм,2x20 л,,1,,,,,,,,,,,,,,,,,,,,1,,,"{""total"":12,""to_translate"":{""ru"":12}}",,,,,1,,,,,,1,tapi-washer-2x20-%d0%bb,,,,,,,,,,,,,,,,,,,,,,,
PC107-1,1,0,visible,,,taxable,parent,1,,,0,0,,,,,0,,,PC107,,,"A172, N262, id:985",,,3,Об'єм,1 л,,1,,,,,,,,,,,,,,,,,,,,1,,,"{""total"":12,""to_translate"":{""ru"":12}}",,,,,1,,,,,,1,tapi-washer-1-%d0%bb,,,,,,,,,,,,,,,,,,,,,,,
PC107-6,1,0,visible,,,taxable,parent,1,,,0,0,,,,,0,,,PC107,,,"A172, N262, id:985",,,4,Об'єм,6 л,,1,,,,,,,,,,,,,,,,,,,,1,,,"{""total"":12,""to_translate"":{""ru"":12}}",,,,,1,,,,,,1,tapi-washer-6-%d0%bb,,,,,,,,,,,,,,,,,,,,,,,
PC107-10,1,0,visible,,,taxable,parent,1,,,0,0,,,,,0,,,PC107,,,"A172, N262, id:985",,,5,Об'єм,10 л,,1,,,,,,,,,,,,,,,,,,,,1,,,"{""total"":12,""to_translate"":{""ru"":12}}",,,,,1,,,,,,1,tapi-washer-10-%d0%bb,,,,,,,,,,,,,,,,,,,,,,,
PC102,1,0,visible,,,taxable,,1,,,0,0,,,,,1,,,,,"PC219, PC008, PC022","id:981, N275, N287",,,0,Бренд,,1,1,Об'єм,,1,1,0,0,enable,default,default,0,0,0,0,default,default,default,default,default,0,0,Документація,yes,"{""total"":145,""to_translate"":{""ru"":145}}",,default,default,default,1,NANO,36,90,,,1,,,,,,,,,,,,,,,,,,,,,,,,
"PC102-0,75",1,0,visible,,,taxable,parent,1,,,0,0,,,,,0,,,PC102,,,"id:981, N275, N287",,,0,Об'єм,750 мл,,1,,,,,,,,,,,,,,,,,,,,1,,,"{""total"":9,""to_translate"":{""ru"":9}}",,,,,1,,,,,,1,750-%d0%bc%d0%bb,,,,,,,,,,,,,,,,,,,,,,,
PC102-6,1,0,visible,,,taxable,parent,1,,,0,0,,,,,0,,,PC102,,,"id:981, N275, N287",,,2,Об'єм,6 л,,1,,,,,,,,,,,,,,,,,,,,1,,,"{""total"":10,""to_translate"":{""ru"":10}}",,,,,1,,,,,,1,6-%d0%bb-2,,,,,,,,,,,,,,,,,,,,,,,
PC102-10,1,0,visible,,,taxable,parent,1,,,0,0,,,,,0,,,PC102,,,"id:981, N275, N287",,,3,Об'єм,10 л,,1,,,,,,,,,,,,,,,,,,,,1,,,"{""total"":10,""to_translate"":{""ru"":10}}",,,,,1,,,,,,1,10-%d0%bb-2,,,,,,,,,,,,,,,,,,,,,,,
N256,1,0,visible,,,taxable,,1,,,0,0,,,,,1,,,,,,,,,0,,,,,,,,,0,0,enable,default,default,0,0,0,0,default,default,default,default,default,0,,,,,,,,,1,MIKROFIBRA PERFECT GLASS,,,,,1,,,,,,,,,,,,,,,,,,,,,,,,
PC103,1,0,visible,,,taxable,,1,,,0,0,,,,,1,,,,,"PC222, PC112, PC113","PC004, PC102, PC014",,,0,Бренд,,1,1,Об'єм,,1,1,0,0,enable,default,default,0,0,0,0,default,default,default,default,default,0,0,Документація,yes,"{""total"":112,""to_translate"":{""ru"":112}}",,default,default,default,0,SHINE,40,90,,,1,,,,,,,,,,,,,,,,,,,,,,,,
"PC103-0,2",1,0,visible,,,taxable,parent,1,,,0,0,,,,,0,,,PC103,,,"PC004, PC102, PC014",,,0,Об'єм,200 мл,,1,,,,,,,,,,,,,,,,,,,,1,,,"{""total"":10,""to_translate"":{""ru"":10}}",,,,,1,,,,,,1,shine-200-%d0%bc%d0%bb,,,,,,,,,,,,,,,,,,,,,,,
"PC103-0,75",1,0,visible,,,taxable,parent,1,,,0,0,,,,,0,,,PC103,,,"PC004, PC102, PC014",,,2,Об'єм,750 мл,,1,,,,,,,,,,,,,,,,,,,,1,,,"{""total"":10,""to_translate"":{""ru"":10}}",,,,,1,,,,,,1,shine-750-%d0%bc%d0%bb,,,,,,,,,,,,,,,,,,,,,,,
PC202,1,0,visible,,,taxable,,1,,,0,0,,,,,1,,,,,"N275, N262, id:985","PC102, PC021, KWAP2",,,0,Бренд,,1,1,Об'єм,,1,1,0,0,enable,default,default,0,0,0,0,default,default,default,default,default,0,0,Документація,yes,"{""total"":163,""to_translate"":{""ru"":163}}",,default,default,default,1,BLACK,34,90,,,1,,,,,,,,,,,,,,,,,,,,,"<iframe title=""BLACK - Preparat do pielęgnacji gumy i plastiku PRO-CHEM"" width=""1200"" height=""675"" src=""https://www.youtube.com/embed/T-rJp-e-9hg?feature=oembed"" frameborder=""0"" allow=""accelerometer; autoplay; encrypted-media; gyroscope; picture-in-picture"" allowfullscreen></iframe>",1566127678,,
PC202-20,1,0,visible,,,taxable,parent,1,,,0,0,,,,,0,,,PC202,,,"PC102, PC021, KWAP2",,,0,Об'єм,20 л,,1,,,,,,,,,,,,,,,,,,,,1,,,"{""total"":10,""to_translate"":{""ru"":10}}",,,,,1,,,,,,1,black-20-%d0%bb,,,,,,,,,,,,,,,,,,,,,,,
"PC202-0,2",1,0,visible,,,taxable,parent,1,,,0,0,,,,,0,,,PC202,,,"PC102, PC021, KWAP2",,,2,Об'єм,200 мл,,1,,,,,,,,,,,,,,,,,,,,1,,,"{""total"":10,""to_translate"":{""ru"":10}}",,,,,1,,,,,,1,black-200-%d0%bc%d0%bb,,,,,,,,,,,,,,,,,,,,,,,
"PC202-0,75",1,0,visible,,,taxable,parent,1,,,0,0,,,,,0,,,PC202,,,"PC102, PC021, KWAP2",,,3,Об'єм,750 мл,,1,,,,,,,,,,,,,,,,,,,,1,,,"{""total"":10,""to_translate"":{""ru"":10}}",,,,,1,,,,,,1,black-750-%d0%bc%d0%bb,,,,,,,,,,,,,,,,,,,,,,,
"PC202-0,5",1,0,visible,,,taxable,parent,1,,,0,0,,,,,0,,,PC202,,,"PC102, PC021, KWAP2",,,4,Об'єм,500 мл,,1,,,,,,,,,,,,,,,,,,,,1,,,"{""total"":10,""to_translate"":{""ru"":10}}",,,,,1,,,,,,1,black-500-%d0%bc%d0%bb,,,,,,,,,,,,,,,,,,,,,,,
PC202-1,1,0,visible,,,taxable,parent,1,,,0,0,,,,,0,,,PC202,,,"PC102, PC021, KWAP2",,,5,Об'єм,1 л,,1,,,,,,,,,,,,,,,,,,,,1,,,"{""total"":10,""to_translate"":{""ru"":10}}",,,,,1,,,,,,1,black-1-%d0%bb,,,,,,,,,,,,,,,,,,,,,,,
PC202-6,1,0,visible,,,taxable,parent,1,,,0,0,,,,,0,,,PC202,,,"PC102, PC021, KWAP2",,,6,Об'єм,6 л,,1,,,,,,,,,,,,,,,,,,,,1,,,"{""total"":10,""to_translate"":{""ru"":10}}",,,,,1,,,,,,1,black-6-%d0%bb,,,,,,,,,,,,,,,,,,,,,,,
PC202-10,1,0,visible,,,taxable,parent,1,,,0,0,,,,,0,,,PC202,,,"PC102, PC021, KWAP2",,,7,Об'єм,10 л,,1,,,,,,,,,,,,,,,,,,,,1,,,"{""total"":10,""to_translate"":{""ru"":10}}",,,,,1,,,,,,1,black-10-%d0%bb,,,,,,,,,,,,,,,,,,,,,,,
PC224,1,0,visible,,,taxable,,1,,,0,0,,,,,1,,,,,"PC214, PC019, PC021","PC225, FOR05, KWAP2",,,0,Бренд,,1,1,Об'єм,,1,1,0,0,enable,default,default,0,0,0,0,default,default,default,default,default,0,0,Документація,yes,"{""total"":163,""to_translate"":{""ru"":163}}",,default,default,default,1,BLOODY MARY,36,90,,,1,,,,,,,,,,,,,,,,,,,,,,,,
PC224-5,1,0,visible,,,taxable,parent,1,,,0,0,,,,,0,,,PC224,,,"PC225, FOR05, KWAP2",,,0,Об'єм,5 л,,1,,,,,,,,,,,,,,,,,,,,1,,,"{""total"":12,""to_translate"":{""ru"":12}}",,,,,1,,,,,,1,bloody-mary-5-%d0%bb,,,,,,,,,,,,,,,,,,,,,,,
"PC224-0,75",1,0,visible,,,taxable,parent,1,,,0,0,,,,,0,,,PC224,,,"PC225, FOR05, KWAP2",,,2,Об'єм,750 мл,,1,,,,,,,,,,,,,,,,,,,,1,,,"{""total"":12,""to_translate"":{""ru"":12}}",,,,,1,,,,,,1,bloody-mary-750-%d0%bc%d0%bb,,,,,,,,,,,,,,,,,,,,,,,
PC224-6,1,0,visible,,,taxable,parent,1,,,0,0,,,,,0,,,PC224,,,"PC225, FOR05, KWAP2",,,3,Об'єм,6 л,,1,,,,,,,,,,,,,,,,,,,,1,,,"{""total"":12,""to_translate"":{""ru"":12}}",,,,,1,,,,,,1,bloody-mary-6-%d0%bb,,,,,,,,,,,,,,,,,,,,,,,
PC224-10,1,0,visible,,,taxable,parent,1,,,0,0,,,,,0,,,PC224,,,"PC225, FOR05, KWAP2",,,4,Об'єм,10 л,,1,,,,,,,,,,,,,,,,,,,,1,,,"{""total"":12,""to_translate"":{""ru"":12}}",,,,,1,,,,,,1,bloody-mary-10-%d0%bb,,,,,,,,,,,,,,,,,,,,,,,
A171,1,0,visible,,,taxable,,1,,,0,0,,,,,1,,,,,,,,,0,Довжина,"30 мм, 40 мм",1,0,,,,,0,0,enable,default,default,0,0,0,0,default,default,default,default,default,0,,,,,,,,,,DETAIL BRUSH,,,,,1,,,,,,,,,,,,,,,,,,,,,,,,
A1711,1,0,visible,,,taxable,parent,1,,,0,0,,,,,0,,,id:908,,,,,,0,Довжина,,,0,,,,,,,,,,,,,,,,,,,,,,,,,,,,1,,,,,,1,detail-brush-30-%d0%bc%d0%bc,,,,,,,,,,,,,,,,,,,,,,,
A172,1,0,visible,,,taxable,parent,1,,,0,0,,,,,0,,,id:908,,,,,,2,Довжина,,,0,,,,,,,,,,,,,,,,,,,,,,,,,,,,,,,,,,1,detail-brush-40-%d0%bc%d0%bc,,,,,,,,,,,,,,,,,,,,,,,
PC225,1,0,visible,,,taxable,,1,,,0,0,,,,,1,,,,,"PC203, PC211, PC212","N275, PC022, KWAP2",,,0,Бренд,,1,1,Об'єм,,1,1,0,0,enable,default,default,0,0,0,0,default,default,default,default,default,0,0,Документація,yes,"{""total"":196,""to_translate"":{""ru"":196}}",,default,default,default,1,GLAMOUR,47,90,,,1,,,,,,,,,,,,,,,,,,,,,,,"<iframe title=""GLAMOUR - Neutralna piana aktywna od PRO-CHEM"" width=""1200"" height=""675"" src=""https://www.youtube.com/embed/qEaYlS3cKdI?feature=oembed"" frameborder=""0"" allow=""accelerometer; autoplay; encrypted-media; gyroscope; picture-in-picture"" allowfullscreen></iframe>",1566132804
PC225-1,1,0,visible,,,taxable,parent,1,,,0,0,,,,,0,,,PC225,,,"N275, PC022, KWAP2",,,0,Об'єм,1 л,,1,,,,,,,,,,,,,,,,,,,,1,,,"{""total"":10,""to_translate"":{""ru"":10}}",,,,,1,,,,,,1,glamour-1-%d0%bb,,,,,,,,,,,,,,,,,,,,,,,
PC225-6,1,0,visible,,,taxable,parent,1,,,0,0,,,,,0,,,PC225,,,"N275, PC022, KWAP2",,,2,Об'єм,6 л,,1,,,,,,,,,,,,,,,,,,,,1,,,"{""total"":10,""to_translate"":{""ru"":10}}",,,,,1,,,,,,1,glamour-6-%d0%bb,,,,,,,,,,,,,,,,,,,,,,,
PC225-10,1,0,visible,,,taxable,parent,1,,,0,0,,,,,0,,,PC225,,,"N275, PC022, KWAP2",,,3,Об'єм,10 л,,1,,,,,,,,,,,,,,,,,,,,1,,,"{""total"":10,""to_translate"":{""ru"":10}}",,,,,1,,,,,,1,glamour-10-%d0%bb,,,,,,,,,,,,,,,,,,,,,,,
PC211,1,0,visible,,,taxable,,1,,,0,0,,,,,1,,,,,"PC202, PC207, PC225, PC204, PC214","N275, N287, KWAP2",,,0,Бренд,,1,1,Запах,,1,1,0,0,enable,default,default,0,0,0,0,default,default,default,default,default,0,0,Документація,yes,"{""total"":182,""to_translate"":{""ru"":182}}",,default,default,default,1,SHAMPOO,44,90,,,1,,,,,,,,,,,,,,,Об'єм,,1,1,,,,,,
PC216-20,1,0,visible,,,taxable,parent,1,,,0,0,,,,,0,,,PC211,,,"N275, N287, KWAP2",,,1,Запах,Гума,,1,Об'єм,20 л,,1,,,,,,,,,,,,,,,,1,,,"{""total"":14,""to_translate"":{""ru"":14}}",,,,,1,,,,,,1,shampoo-%d0%b3%d1%83%d0%bc%d0%b0-20-%d0%bb,,,,,,,,,,,,,,,,,,,,,,,
PC211-20,1,0,visible,,,taxable,parent,1,,,0,0,,,,,0,,,PC211,,,"N275, N287, KWAP2",,,2,Запах,Лимон,,1,Об'єм,20 л,,1,,,,,,,,,,,,,,,,1,,,"{""total"":14,""to_translate"":{""ru"":14}}",,,,,1,,,,,,1,shampoo-%d0%bb%d0%b8%d0%bc%d0%be%d0%bd-20-%d0%bb,,,,,,,,,,,,,,,,,,,,,,,
PC216-20-2,1,0,visible,,,taxable,parent,1,,,0,0,,,,,0,,,PC211,,,"N275, N287, KWAP2",,,3,Запах,Гума,,1,Об'єм,2x20 л,,1,,,,,,,,,,,,,,,,1,,,"{""total"":14,""to_translate"":{""ru"":14}}",,,,,1,,,,,,1,shampoo-%d0%b3%d1%83%d0%bc%d0%b0-2x20-%d0%bb,,,,,,,,,,,,,,,,,,,,,,,
PC211-20-2,1,0,visible,,,taxable,parent,1,,,0,0,,,,,0,,,PC211,,,"N275, N287, KWAP2",,,4,Запах,Лимон,,1,Об'єм,2x20 л,,1,,,,,,,,,,,,,,,,1,,,"{""total"":14,""to_translate"":{""ru"":14}}",,,,,1,,,,,,1,shampoo-%d0%bb%d0%b8%d0%bc%d0%be%d0%bd-2x20-%d0%bb,,,,,,,,,,,,,,,,,,,,,,,
PC216-1,1,0,visible,,,taxable,parent,1,,,0,0,,,,,0,,,PC211,,,"N275, N287, KWAP2",,,5,Запах,Гума,,1,Об'єм,1 л,,1,,,,,,,,,,,,,,,,1,,,"{""total"":14,""to_translate"":{""ru"":14}}",,,,,1,,,,,,1,shampoo-%d0%b3%d1%83%d0%bc%d0%b0-1-%d0%bb,,,,,,,,,,,,,,,,,,,,,,,
PC211-1,1,0,visible,,,taxable,parent,1,,,0,0,,,,,0,,,PC211,,,"N275, N287, KWAP2",,,6,Запах,Лимон,,1,Об'єм,1 л,,1,,,,,,,,,,,,,,,,1,,,"{""total"":14,""to_translate"":{""ru"":14}}",,,,,1,,,,,,1,shampoo-%d0%bb%d0%b8%d0%bc%d0%be%d0%bd-1-%d0%bb,,,,,,,,,,,,,,,,,,,,,,,
PC216-6,1,0,visible,,,taxable,parent,1,,,0,0,,,,,0,,,PC211,,,"N275, N287, KWAP2",,,7,Запах,Гума,,1,Об'єм,6 л,,1,,,,,,,,,,,,,,,,1,,,"{""total"":14,""to_translate"":{""ru"":14}}",,,,,1,,,,,,1,shampoo-%d0%b3%d1%83%d0%bc%d0%b0-6-%d0%bb,,,,,,,,,,,,,,,,,,,,,,,
PC211-6,1,0,visible,,,taxable,parent,1,,,0,0,,,,,0,,,PC211,,,"N275, N287, KWAP2",,,8,Запах,Лимон,,1,Об'єм,6 л,,1,,,,,,,,,,,,,,,,1,,,"{""total"":14,""to_translate"":{""ru"":14}}",,,,,1,,,,,,1,shampoo-%d0%bb%d0%b8%d0%bc%d0%be%d0%bd-6-%d0%bb,,,,,,,,,,,,,,,,,,,,,,,
PC216-10,1,0,visible,,,taxable,parent,1,,,0,0,,,,,0,,,PC211,,,"N275, N287, KWAP2",,,9,Запах,Гума,,1,Об'єм,10 л,,1,,,,,,,,,,,,,,,,1,,,"{""total"":14,""to_translate"":{""ru"":14}}",,,,,1,,,,,,1,shampoo-%d0%b3%d1%83%d0%bc%d0%b0-10-%d0%bb,,,,,,,,,,,,,,,,,,,,,,,
PC211-10,1,0,visible,,,taxable,parent,1,,,0,0,,,,,0,,,PC211,,,"N275, N287, KWAP2",,,10,Запах,Лимон,,1,Об'єм,10 л,,1,,,,,,,,,,,,,,,,1,,,"{""total"":14,""to_translate"":{""ru"":14}}",,,,,1,,,,,,1,shampoo-%d0%bb%d0%b8%d0%bc%d0%be%d0%bd-10-%d0%bb,,,,,,,,,,,,,,,,,,,,,,,
PC204,1,0,visible,,,taxable,,1,,,0,0,,,,,1,,,,,"PC207, PC215, N275, PC212","PC202, PC002, PC102, PC211",,,0,Бренд,,1,1,Об'єм,,1,1,0,0,enable,default,default,0,0,0,0,default,default,default,default,default,0,0,Документація,yes,"{""total"":108,""to_translate"":{""ru"":108}}",,default,default,default,1,INSECT,36,90,,,1,,,,,,,,,,,,,,,,,,,,,,,,
PC204-20,1,0,visible,,,taxable,parent,1,,,0,0,,,,,0,,,PC204,,,"PC202, PC002, PC102, PC211",,,0,Об'єм,20 л,,1,,,,,,,,,,,,,,,,,,,,1,,,"{""total"":10,""to_translate"":{""ru"":10}}",,,,,1,,,,,,1,insect-20-%d0%bb,,,,,,,,,,,,,,,,,,,,,,,
PC204-20-2,1,0,visible,,,taxable,parent,1,,,0,0,,,,,0,,,PC204,,,"PC202, PC002, PC102, PC211",,,2,Об'єм,2x20 л,,1,,,,,,,,,,,,,,,,,,,,1,,,"{""total"":10,""to_translate"":{""ru"":10}}",,,,,1,,,,,,1,insect-2x20-%d0%bb,,,,,,,,,,,,,,,,,,,,,,,
PC204-5,1,0,visible,,,taxable,parent,1,,,0,0,,,,,0,,,PC204,,,"PC202, PC002, PC102, PC211",,,3,Об'єм,5 л,,1,,,,,,,,,,,,,,,,,,,,1,,,"{""total"":10,""to_translate"":{""ru"":10}}",,,,,1,,,,,,1,insect-5-%d0%bb,,,,,,,,,,,,,,,,,,,,,,,
"PC204-0,6",1,0,visible,,,taxable,parent,1,,,0,0,,,,,0,,,PC204,,,"PC202, PC002, PC102, PC211",,,4,Об'єм,600 мл,,1,,,,,,,,,,,,,,,,,,,,1,,,"{""total"":10,""to_translate"":{""ru"":10}}",,,,,1,,,,,,1,insect-600-%d0%bc%d0%bb,,,,,,,,,,,,,,,,,,,,,,,
PC204-6,1,0,visible,,,taxable,parent,1,,,0,0,,,,,0,,,PC204,,,"PC202, PC002, PC102, PC211",,,5,Об'єм,6 л,,1,,,,,,,,,,,,,,,,,,,,1,,,"{""total"":10,""to_translate"":{""ru"":10}}",,,,,1,,,,,,1,insect-6-%d0%bb,,,,,,,,,,,,,,,,,,,,,,,
PC204-10,1,0,visible,,,taxable,parent,1,,,0,0,,,,,0,,,PC204,,,"PC202, PC002, PC102, PC211",,,6,Об'єм,10 л,,1,,,,,,,,,,,,,,,,,,,,1,,,"{""total"":10,""to_translate"":{""ru"":10}}",,,,,1,,,,,,1,insect-10-%d0%bb,,,,,,,,,,,,,,,,,,,,,,,
PC215,1,0,visible,,,taxable,,1,,,0,0,,,,,1,,,,,"PC207, PC204, PC102, PC219","PC202, N275, PC212",,,0,Бренд,,1,1,Об'єм,,1,1,0,0,enable,default,default,0,0,0,0,default,default,default,default,default,0,0,Документація,yes,"{""total"":155,""to_translate"":{""ru"":155}}",,default,default,default,1,FINAL WAX,36,90,,,1,,,,,,,,,,,,,,,,,,,,,,,,
PC215-20,1,0,visible,,,taxable,parent,1,,,0,0,,,,,0,,,PC215,,,"PC202, N275, PC212",,,0,Об'єм,20 л,,1,,,,,,,,,,,,,,,,,,,,1,,,"{""total"":12,""to_translate"":{""ru"":12}}",,,,,1,,,,,,1,final-wax-20-%d0%bb,,,,,,,,,,,,,,,,,,,,,,,
PC215-20-2,1,0,visible,,,taxable,parent,1,,,0,0,,,,,0,,,PC215,,,"PC202, N275, PC212",,,2,Об'єм,2x20 л,,1,,,,,,,,,,,,,,,,,,,,1,,,"{""total"":12,""to_translate"":{""ru"":12}}",,,,,1,,,,,,1,final-wax-2x20-%d0%bb,,,,,,,,,,,,,,,,,,,,,,,
PC215-1,1,0,visible,,,taxable,parent,1,,,0,0,,,,,0,,,PC215,,,"PC202, N275, PC212",,,3,Об'єм,1 л,,1,,,,,,,,,,,,,,,,,,,,1,,,"{""total"":12,""to_translate"":{""ru"":12}}",,,,,1,,,,,,1,final-wax-1-%d0%bb,,,,,,,,,,,,,,,,,,,,,,,
PC215-6,1,0,visible,,,taxable,parent,1,,,0,0,,,,,0,,,PC215,,,"PC202, N275, PC212",,,4,Об'єм,6 л,,1,,,,,,,,,,,,,,,,,,,,1,,,"{""total"":12,""to_translate"":{""ru"":12}}",,,,,1,,,,,,1,final-wax-6-%d0%bb,,,,,,,,,,,,,,,,,,,,,,,
PC215-10,1,0,visible,,,taxable,parent,1,,,0,0,,,,,0,,,PC215,,,"PC202, N275, PC212",,,5,Об'єм,10 л,,1,,,,,,,,,,,,,,,,,,,,1,,,"{""total"":12,""to_translate"":{""ru"":12}}",,,,,1,,,,,,1,final-wax-10-%d0%bb,,,,,,,,,,,,,,,,,,,,,,,
PC207,1,0,visible,,,taxable,,1,,,0,0,,,,,1,,,,,"PC205, PC215, PC102, PC219, PC103","N275, PC001, N287, id:985",,,0,Бренд,,1,1,Об'єм,,1,1,0,0,enable,default,default,0,0,0,0,default,default,default,default,default,0,0,Документація,yes,"{""total"":131,""to_translate"":{""ru"":131}}",,default,default,default,1,EASY WAX,36,90,,,1,,,,,,,,,,,,,,,,,,,,,,,,
"PC207-0,2",1,0,visible,,,taxable,parent,1,,,0,0,,,,,0,,,PC207,,,"N275, PC001, N287, id:985",,,0,Об'єм,200 мл,,1,,,,,,,,,,,,,,,,,,,,1,,,"{""total"":12,""to_translate"":{""ru"":12}}",,,,,1,,,,,,1,easy-wax-200-%d0%bc%d0%bb,,,,,,,,,,,,,,,,,,,,,,,
"PC207-0,75",1,0,visible,,,taxable,parent,1,,,0,0,,,,,0,,,PC207,,,"N275, PC001, N287, id:985",,,2,Об'єм,750 мл,,1,,,,,,,,,,,,,,,,,,,,1,,,"{""total"":12,""to_translate"":{""ru"":12}}",,,,,1,,,,,,1,easy-wax-750-%d0%bc%d0%bb,,,,,,,,,,,,,,,,,,,,,,,
PC207-6,1,0,visible,,,taxable,parent,1,,,0,0,,,,,0,,,PC207,,,"N275, PC001, N287, id:985",,,3,Об'єм,6 л,,1,,,,,,,,,,,,,,,,,,,,1,,,"{""total"":12,""to_translate"":{""ru"":12}}",,,,,1,,,,,,1,easy-wax-6-%d0%bb,,,,,,,,,,,,,,,,,,,,,,,
N287,1,0,visible,,,taxable,,1,,,0,0,,,,,1,,,,,,,,,0,,,,,,,,,0,0,enable,default,default,0,0,0,0,default,default,default,default,default,0,,,,,,,,,1,MIKROFIBRA PROFESSIONAL BS,,,,,1,,,,,,,,,,,,,,,,,,,,,,,,
N275,1,0,visible,,,taxable,,1,,,0,0,0.55,60,90,,1,,,,,,,,,0,,,,,,,,,0,0,enable,default,default,0,0,0,0,default,default,default,default,default,0,,,,,,,,,1,FLUFFY,,,,,1,,,,,,,,,,,,,,,,,,,,,,,,
PC205,1,0,visible,,,taxable,,1,,,0,0,,,,,1,,,,,"PC202, N275, PC214, PC212","PC112, PC001, PC102",,,0,Бренд,,1,1,Об'єм,,1,1,0,0,enable,default,default,0,0,0,0,default,default,default,default,default,0,0,Документація,yes,"{""total"":103,""to_translate"":{""ru"":103}}",,default,default,default,1,COCKPIT,36,90,,,1,,,,,,,,,,,,,,,,,,,,,,,,
"PC205-0,2",1,0,visible,,,taxable,parent,1,,,0,0,,,,,0,,,PC205,,,"PC112, PC001, PC102",,,0,Об'єм,200 мл,,1,,,,,,,,,,,,,,,,,,,,1,,,"{""total"":17,""to_translate"":{""ru"":17}}",,,,,1,,,,,,1,cockpit-200-%d0%bc%d0%bb,,,,,,,,,,,,,,,,,,,,,,,
"PC205-0,6",1,0,visible,,,taxable,parent,1,,,0,0,,,,,0,,,PC205,,,"PC112, PC001, PC102",,,2,Об'єм,600 мл,,1,,,,,,,,,,,,,,,,,,,,1,,,"{""total"":17,""to_translate"":{""ru"":17}}",,,,,1,,,,,,1,cockpit-600-%d0%bc%d0%bb,,,,,,,,,,,,,,,,,,,,,,,
PC205-6,1,0,visible,,,taxable,parent,1,,,0,0,,,,,0,,,PC205,,,"PC112, PC001, PC102",,,3,Об'єм,6 л,,1,,,,,,,,,,,,,,,,,,,,1,,,"{""total"":17,""to_translate"":{""ru"":17}}",,,,,1,,,,,,1,cockpit-6-%d0%bb,,,,,,,,,,,,,,,,,,,,,,,
PC205-10,1,0,visible,,,taxable,parent,1,,,0,0,,,,,0,,,PC205,,,"PC112, PC001, PC102",,,4,Об'єм,10 л,,1,,,,,,,,,,,,,,,,,,,,1,,,"{""total"":17,""to_translate"":{""ru"":17}}",,,,,1,,,,,,1,cockpit-10-%d0%bb,,,,,,,,,,,,,,,,,,,,,,,
PC219,1,0,visible,,,taxable,,1,,,0,0,,,,,1,,,,,"PC205, id:981, N275, id:985","PC205, PC207, PC215-1",,,0,Бренд,,1,1,Об'єм,,1,1,0,0,enable,default,default,0,0,0,0,default,default,default,default,default,0,0,Документація,yes,"{""total"":150,""to_translate"":{""ru"":150}}",,default,default,default,1,PLASTIC PASSION,36,90,,,1,,,,,,,,,,,,,,,,,,,,,,,,
"PC219-0,6",1,0,visible,,,taxable,parent,1,,,0,0,,,,,0,,,PC219,,,"PC205, PC207, PC215-1",,,1,Об'єм,600 мл,,1,,,,,,,,,,,,,,,,,,,,1,,,"{""total"":17,""to_translate"":{""ru"":17}}",,,,,1,,,,,,1,plastic-passion-600-%d0%bc%d0%bb,,,,,,,,,,,,,,,,,,,,,,,
PC219-6,1,0,visible,,,taxable,parent,1,,,0,0,,,,,0,,,PC219,,,"PC205, PC207, PC215-1",,,2,Об'єм,6 л,,1,,,,,,,,,,,,,,,,,,,,1,,,"{""total"":17,""to_translate"":{""ru"":17}}",,,,,1,,,,,,1,plastic-passion-6-%d0%bb,,,,,,,,,,,,,,,,,,,,,,,
PC219-10,1,0,visible,,,taxable,parent,1,,,0,0,,,,,0,,,PC219,,,"PC205, PC207, PC215-1",,,3,Об'єм,10 л,,1,,,,,,,,,,,,,,,,,,,,1,,,"{""total"":17,""to_translate"":{""ru"":17}}",,,,,1,,,,,,1,plastic-passion-10-%d0%bb,,,,,,,,,,,,,,,,,,,,,,,
A160,1,0,visible,,,taxable,,1,,,0,0,,,,,1,,,,,,,,,0,,,,,,,,,0,0,enable,default,default,0,0,0,0,default,default,default,default,default,0,,,,,,,,,1,DETAIL EXPERT,,,,,1,,,,,,,,,,,,,,,,,,,,,,,,
N262,1,0,visible,,,taxable,,1,,,0,0,,,,,1,,,,,,,,,0,,,,,,,,,0,0,enable,default,default,0,0,0,0,default,default,default,default,default,0,,,,,,,,,1,MIKROFIBRA PROFESSIONAL LEATHER,,,,,1,,,,,,,,,,,,,,,,,,,,,,,,
B040,1,0,visible,,,taxable,,1,,,0,0,,,,,1,,,,,,,,,0,,,,,,,,,0,0,enable,default,default,0,0,0,0,default,default,default,default,default,0,,,,,,,,,1,Щітка для шкіри натуральна,,,,,1,%d1%89%d1%96%d1%82%d0%ba%d0%b0-%d0%b4%d0%bb%d1%8f-%d1%88%d0%ba%d1%96%d1%80%d0%b8-%d0%bd%d0%b0%d1%82%d1%83%d1%80%d0%b0%d0%bb%d1%8c%d0%bd%d0%b0,,,,,,,,,,,,,,,,,,,,,,,
PC210,1,0,visible,,,taxable,,1,,,0,0,,,,,1,,,,,"N275, N262, PC219","PC102, PC219, PC103",,,0,Бренд,Pro-Chem,1,1,Об'єм,750 мл,1,1,0,0,enable,default,default,0,0,0,0,default,default,default,default,default,0,0,Документація,yes,"{""total"":45,""to_translate"":{""ru"":45}}",,default,default,default,1,DEFROSTER,41,90,,,1,,,,,,,,,,,,,,,,,,,,,,,,
PC226,1,0,visible,,,taxable,,1,,,0,0,,,,,1,,,,,,,,,0,Запах,,1,1,Об'єм,,1,1,0,0,enable,default,default,0,0,0,0,default,default,default,default,default,0,0,,,"{""total"":25,""to_translate"":{""ru"":25}}",,default,default,default,0,SUMMER,,60,,,1,,,,,,,,,,,,,,,Бренд,,1,1,,,,,,
PC226-1,1,0,visible,,,taxable,parent,1,,,0,0,,,,,0,,,PC226,,,,,,1,Об'єм,1 л,,1,,,,,,,,,,,,,,,,,,,,1,,,"{""total"":10,""to_translate"":{""ru"":10}}",,,,,1,,,,,,1,summer-1-%d0%bb,,,,,,,,,,,,,,,,,,,,,,,
PC226-10,1,0,visible,,,taxable,parent,1,,,0,0,,,,,0,,,PC226,,,,,,2,Об'єм,10 л,,1,,,,,,,,,,,,,,,,,,,,1,,,"{""total"":10,""to_translate"":{""ru"":10}}",,,,,1,,,,,,1,summer-10-%d0%bb,,,,,,,,,,,,,,,,,,,,,,,
KWAXi6,1,0,visible,,,taxable,,1,,,0,0,,,,,1,,,,,,,,,0,Бренд,,1,1,Об'єм,,1,1,0,0,enable,default,default,0,0,0,0,default,default,default,default,default,0,,,,,,,,,1,Xi6 Viton,,,,,1,,,,,,,,,,,,,,,,,,,,,,,,
KWA,1,0,visible,,,taxable,,1,,,0,0,,,,,1,,,,,,,,,0,Бренд,,1,1,Тип розпилювача,"Acid Line, Alka Line",1,0,0,0,enable,default,default,0,0,0,0,default,default,default,default,default,0,,,,,,,,,,Venus Super 360 Pro+,,,,,1,,,,,,,,,,,,,,,Об'єм,,1,1,,,,,,
KWAK15,1,0,visible,,,taxable,parent,1,,,0,0,,,,,0,,,KWA,,,,,,0,Тип розпилювача,,,0,,,,,,,,,,,,,,,,,,,,,,,,,,,,1,,,,,,1,,,,,,,,,,,,,,,,,,,,,,,,
KWA15A,1,0,visible,,,taxable,parent,1,,,0,0,,,,,0,,,KWA,,,,,,2,Тип розпилювача,,,0,,,,,,,,,,,,,,,,,,,,,,,,,,,,,,,,,,1,,,,,,,,,,,,,,,,,,,,,,,,
KWA000,1,0,visible,,,taxable,,1,,,0,0,,,,,1,,,,,,,,,0,Колір,"Зелений, Синій",1,0,Об'єм,,1,1,0,0,enable,default,default,0,0,0,0,default,default,default,default,default,0,,,,,,,,,,Mercury Super 360 Pro+,,,,,1,,,,,,,,,,,,,,,,,,,,,,,,
KWA007,1,0,visible,,,taxable,parent,1,,,0,0,,,,,0,,,KWA000,,,,,,2,Колір,,,0,Об'єм,500 мл,,1,,,,,,,,,,,,,,,,,,,,,,,,1,,,,,,1,mercury-super-360-pro-500-%d0%bc%d0%bb-%d0%b7%d0%b5%d0%bb%d0%b5%d0%bd%d0%b8%d0%b9,,,,,,,,,,,,,,,,,,,,,,,
KWA005,1,0,visible,,,taxable,parent,1,,,0,0,,,,,0,,,KWA000,,,,,,3,Колір,,,0,Об'єм,500 мл,,1,,,,,,,,,,,,,,,,,,,,,,,,,,,,,,1,mercury-super-360-pro-500-%d0%bc%d0%bb-%d1%81%d0%b8%d0%bd%d1%96%d0%b9,,,,,,,,,,,,,,,,,,,,,,,
KWA10,1,0,visible,,,taxable,parent,1,,,0,0,,,,,0,,,KWA000,,,,,,1,Колір,,,0,Об'єм,1 л,,1,,,,,,,,,,,,,,,,,,,,,,,,,,,,,,1,,,,,,,,,,,,,,,,,,,,,,,,
KWAR,1,0,visible,,,taxable,,1,,,0,0,,,,,1,,,,,,,,,0,Об'єм,,1,1,Тип,"Солвент, Кислоти",1,0,0,0,enable,default,default,0,0,0,0,default,default,default,default,default,0,,,,,,,,,,Nix HD,,,,,1,,,,,,,,,,,,,,,,,,,,,,,,
KWAR05,1,0,visible,,,taxable,parent,1,,,0,0,,,,,0,,,KWAR,,,,,,0,Об'єм,500 мл,,1,Тип,,,0,,,,,,,,,,,,,,,,,,,,,,,,1,,,,,,1,nix-hd-%d1%81%d0%be%d0%bb%d0%b2%d0%b5%d0%bd%d1%82-500-%d0%bc%d0%bb,,,,,,,,,,,,,,,,,,,,,,,
KWAK05,1,0,visible,,,taxable,parent,1,,,0,0,,,,,0,,,KWAR,,,,,,2,Об'єм,500 мл,,1,Тип,,,0,,,,,,,,,,,,,,,,,,,,,,,,1,,,,,,1,nix-hd-%d0%ba%d0%b8%d1%81%d0%bb%d0%be%d1%82%d0%b8-500-%d0%bc%d0%bb,,,,,,,,,,,,,,,,,,,,,,,
KWAP2,1,0,visible,,,taxable,,1,,,0,0,,,,,1,,,,,,,,,0,Бренд,,1,1,Об'єм,,1,1,0,0,enable,default,default,0,0,0,0,default,default,default,default,default,0,,,,,,,,,1,Venus Super Foamer,,,,,1,,,,,,,,,,,,,,,,,,,,,,,,
N241,1,0,visible,,,taxable,,1,,,0,0,,,,,1,,,,,,,,,0,Розмір,"50 x 60 240 g/m2, 40 x 40 320 g/m2",1,0,Колір,"Синій, Оранжевий",1,0,0,0,enable,default,default,0,0,0,0,default,default,default,default,default,0,,,,,,,,,1,MIKROFIBRA PROFESSIONAL,,,,,1,,,,,,,,,,,,,,,,,,,,,,,,
N253,1,0,visible,,,taxable,parent,0,,,0,0,,,,,0,,,id:1021,,,,,,1,Розмір,,,0,Колір,,,0,,,,,,,,,,,,,,,,,,,,,,,,,,,,,,1,mikrofibra-professional-%d0%be%d1%80%d0%b0%d0%bd%d0%b6%d0%b5%d0%b2%d0%b8%d0%b9-50-x-60-240-g-m2,,,,,,,,,,,,,,,,,,,,,,,
N241,1,0,visible,,,taxable,parent,1,,,0,0,,,,,0,,,id:1021,,,,,,3,Розмір,,,0,Колір,,,0,,,,,,,,,,,,,,,,,,,,,,,,,,,,,,1,mikrofibra-professional-%d1%81%d0%b8%d0%bd%d1%96%d0%b9-40-x-40-320-g-m2,,,,,,,,,,,,,,,,,,,,,,,
ZET2,1,0,visible,,,taxable,,1,,,0,0,,,,,1,,,,,,,,,0,,,,,,,,,0,0,enable,default,default,0,0,0,0,default,default,default,default,default,0,,,,,,,,,1,ZET-ZET Паперові рушники,,,,,1,,,,,,,,,,,,,,,,,,,,,,,,
